,rate,state,county,id,name
0,39,1,001,01001,"Autauga, AL"
1,58,1,003,01003,"Baldwin, AL"
2,103,1,005,01005,"Barbour, AL"
3,0,1,007,01007,"Bibb, AL"
4,40,1,009,01009,"Blount, AL"
5,0,1,015,01015,"Calhoun, AL"
6,0,1,021,01021,"Chilton, AL"
7,18,1,023,01023,"Choctaw, AL"
8,0,1,025,01025,"Clarke, AL"
9,127,1,033,01033,"Colbert, AL"
10,0,1,035,01035,"Conecuh, AL"
11,0,1,037,01037,"Coosa, AL"
12,20,1,039,01039,"Covington, AL"
13,34,1,043,01043,"Cullman, AL"
14,0,1,045,01045,"Dale, AL"
15,31,1,047,01047,"Dallas, AL"
16,0,1,049,01049,"DeKalb, AL"
17,57,1,051,01051,"Elmore, AL"
18,233,1,053,01053,"Escambia, AL"
19,47,1,055,01055,"Etowah, AL"
20,418,1,057,01057,"Fayette, AL"
21,84,1,059,01059,"Franklin, AL"
22,0,1,061,01061,"Geneva, AL"
23,0,1,069,01069,"Houston, AL"
24,0,1,071,01071,"Jackson, AL"
25,1870,1,073,01073,"Jefferson, AL"
26,0,1,075,01075,"Lamar, AL"
27,0,1,079,01079,"Lawrence, AL"
28,76,1,081,01081,"Lee, AL"
29,0,1,083,01083,"Limestone, AL"
30,0,1,085,01085,"Lowndes, AL"
31,0,1,087,01087,"Macon, AL"
32,57,1,089,01089,"Madison, AL"
33,0,1,093,01093,"Marion, AL"
34,0,1,095,01095,"Marshall, AL"
35,502,1,097,01097,"Mobile, AL"
36,8,1,099,01099,"Monroe, AL"
37,27,1,101,01101,"Montgomery, AL"
38,48,1,103,01103,"Morgan, AL"
39,0,1,107,01107,"Pickens, AL"
40,35,1,111,01111,"Randolph, AL"
41,26,1,113,01113,"Russell, AL"
42,0,1,115,01115,"St. Clair, AL"
43,421,1,117,01117,"Shelby, AL"
44,434,1,121,01121,"Talladega, AL"
45,2345,1,125,01125,"Tuscaloosa, AL"
46,702,1,127,01127,"Walker, AL"
47,27,1,129,01129,"Washington, AL"
48,0,1,133,01133,"Winston, AL"
49,0,2,016,02016,"Aleutians West, AK"
50,7288,2,020,02020,"Anchorage, AK"
51,0,2,050,02050,"Bethel, AK"
52,0,2,068,02068,"Denali, AK"
53,841,2,090,02090,"Fairbanks North Star, AK"
54,0,2,100,02100,"Haines, AK"
55,767,2,110,02110,"Juneau, AK"
56,3163,2,122,02122,"Kenai Peninsula, AK"
57,0,2,130,02130,"Ketchikan Gateway, AK"
58,0,2,164,02164,"Lake and Peninsula, AK"
59,51,2,170,02170,"Matanuska-Susitna, AK"
60,0,2,180,02180,"Nome, AK"
61,1965,2,185,02185,"North Slope, AK"
62,526,2,188,02188,"Northwest Arctic, AK"
63,0,2,195,02195,"Petersburg, AK"
64,0,2,240,02240,"Southeast Fairbanks, AK"
65,86,2,261,02261,"Valdez-Cordova, AK"
66,101,2,290,02290,"Yukon-Koyukuk, AK"
67,187,4,001,04001,"Apache, AZ"
68,92,4,003,04003,"Cochise, AZ"
69,80,4,005,04005,"Coconino, AZ"
70,193,4,007,04007,"Gila, AZ"
71,613,4,009,04009,"Graham, AZ"
72,2247,4,011,04011,"Greenlee, AZ"
73,71,4,012,04012,"La Paz, AZ"
74,2144,4,013,04013,"Maricopa, AZ"
75,650,4,015,04015,"Mohave, AZ"
76,502,4,017,04017,"Navajo, AZ"
77,1900,4,019,04019,"Pima, AZ"
78,1848,4,021,04021,"Pinal, AZ"
79,0,4,023,04023,"Santa Cruz, AZ"
80,900,4,025,04025,"Yavapai, AZ"
81,4,4,027,04027,"Yuma, AZ"
82,85,5,005,05005,"Baxter, AR"
83,135,5,007,05007,"Benton, AR"
84,0,5,009,05009,"Boone, AR"
85,0,5,011,05011,"Bradley, AR"
86,0,5,013,05013,"Calhoun, AR"
87,0,5,015,05015,"Carroll, AR"
88,366,5,023,05023,"Cleburne, AR"
89,0,5,025,05025,"Cleveland, AR"
90,407,5,027,05027,"Columbia, AR"
91,174,5,029,05029,"Conway, AR"
92,28,5,031,05031,"Craighead, AR"
93,232,5,033,05033,"Crawford, AR"
94,0,5,035,05035,"Crittenden, AR"
95,1859,5,045,05045,"Faulkner, AR"
96,269,5,047,05047,"Franklin, AR"
97,0,5,049,05049,"Fulton, AR"
98,173,5,051,05051,"Garland, AR"
99,40,5,053,05053,"Grant, AR"
100,0,5,055,05055,"Greene, AR"
101,0,5,057,05057,"Hempstead, AR"
102,51,5,059,05059,"Hot Spring, AR"
103,0,5,061,05061,"Howard, AR"
104,265,5,063,05063,"Independence, AR"
105,105,5,065,05065,"Izard, AR"
106,0,5,067,05067,"Jackson, AR"
107,0,5,069,05069,"Jefferson, AR"
108,0,5,071,05071,"Johnson, AR"
109,79,5,073,05073,"Lafayette, AR"
110,29,5,075,05075,"Lawrence, AR"
111,0,5,081,05081,"Little River, AR"
112,139,5,083,05083,"Logan, AR"
113,0,5,085,05085,"Lonoke, AR"
114,93,5,091,05091,"Miller, AR"
115,0,5,097,05097,"Montgomery, AR"
116,0,5,099,05099,"Nevada, AR"
117,84,5,103,05103,"Ouachita, AR"
118,0,5,105,05105,"Perry, AR"
119,0,5,109,05109,"Pike, AR"
120,39,5,111,05111,"Poinsett, AR"
121,0,5,113,05113,"Polk, AR"
122,192,5,115,05115,"Pope, AR"
123,563,5,119,05119,"Pulaski, AR"
124,0,5,121,05121,"Randolph, AR"
125,0,5,125,05125,"Saline, AR"
126,0,5,129,05129,"Searcy, AR"
127,1508,5,131,05131,"Sebastian, AR"
128,0,5,133,05133,"Sevier, AR"
129,0,5,135,05135,"Sharp, AR"
130,444,5,139,05139,"Union, AR"
131,252,5,141,05141,"Van Buren, AR"
132,69,5,143,05143,"Washington, AR"
133,1302,5,145,05145,"White, AR"
134,0,5,147,05147,"Woodruff, AR"
135,0,5,149,05149,"Yell, AR"
136,151,6,001,06001,"Alameda, CA"
137,136,6,005,06005,"Amador, CA"
138,19,6,007,06007,"Butte, CA"
139,0,6,009,06009,"Calaveras, CA"
140,0,6,011,06011,"Colusa, CA"
141,2753,6,013,06013,"Contra Costa, CA"
142,0,6,015,06015,"Del Norte, CA"
143,40,6,017,06017,"El Dorado, CA"
144,116,6,019,06019,"Fresno, CA"
145,0,6,021,06021,"Glenn, CA"
146,0,6,023,06023,"Humboldt, CA"
147,398,6,025,06025,"Imperial, CA"
148,33,6,027,06027,"Inyo, CA"
149,12235,6,029,06029,"Kern, CA"
150,0,6,031,06031,"Kings, CA"
151,45,6,033,06033,"Lake, CA"
152,0,6,035,06035,"Lassen, CA"
153,4133,6,037,06037,"Los Angeles, CA"
154,62,6,039,06039,"Madera, CA"
155,3,6,041,06041,"Marin, CA"
156,0,6,043,06043,"Mariposa, CA"
157,28,6,045,06045,"Mendocino, CA"
158,0,6,047,06047,"Merced, CA"
159,0,6,051,06051,"Mono, CA"
160,43,6,053,06053,"Monterey, CA"
161,33,6,055,06055,"Napa, CA"
162,37,6,057,06057,"Nevada, CA"
163,449,6,059,06059,"Orange, CA"
164,29,6,061,06061,"Placer, CA"
165,0,6,063,06063,"Plumas, CA"
166,397,6,065,06065,"Riverside, CA"
167,156,6,067,06067,"Sacramento, CA"
168,0,6,069,06069,"San Benito, CA"
169,770,6,071,06071,"San Bernardino, CA"
170,336,6,073,06073,"San Diego, CA"
171,67,6,075,06075,"San Francisco, CA"
172,56,6,077,06077,"San Joaquin, CA"
173,70,6,079,06079,"San Luis Obispo, CA"
174,36,6,081,06081,"San Mateo, CA"
175,1277,6,083,06083,"Santa Barbara, CA"
176,207,6,085,06085,"Santa Clara, CA"
177,11,6,087,06087,"Santa Cruz, CA"
178,57,6,089,06089,"Shasta, CA"
179,0,6,091,06091,"Sierra, CA"
180,0,6,093,06093,"Siskiyou, CA"
181,244,6,095,06095,"Solano, CA"
182,101,6,097,06097,"Sonoma, CA"
183,31,6,099,06099,"Stanislaus, CA"
184,113,6,101,06101,"Sutter, CA"
185,0,6,105,06105,"Trinity, CA"
186,50,6,107,06107,"Tulare, CA"
187,71,6,109,06109,"Tuolumne, CA"
188,1158,6,111,06111,"Ventura, CA"
189,113,6,113,06113,"Yolo, CA"
190,58,6,115,06115,"Yuba, CA"
191,1277,8,001,08001,"Adams, CO"
192,33,8,003,08003,"Alamosa, CO"
193,1135,8,005,08005,"Arapahoe, CO"
194,34,8,007,08007,"Archuleta, CO"
195,0,8,009,08009,"Baca, CO"
196,204,8,013,08013,"Boulder, CO"
197,37,8,014,08014,"Broomfield, CO"
198,0,8,015,08015,"Chaffee, CO"
199,84,8,017,08017,"Cheyenne, CO"
200,565,8,019,08019,"Clear Creek, CO"
201,0,8,021,08021,"Conejos, CO"
202,896,8,029,08029,"Delta, CO"
203,8146,8,031,08031,"Denver, CO"
204,0,8,033,08033,"Dolores, CO"
205,725,8,035,08035,"Douglas, CO"
206,12,8,037,08037,"Eagle, CO"
207,0,8,039,08039,"Elbert, CO"
208,151,8,041,08041,"El Paso, CO"
209,53,8,043,08043,"Fremont, CO"
210,1379,8,045,08045,"Garfield, CO"
211,19,8,049,08049,"Grand, CO"
212,644,8,051,08051,"Gunnison, CO"
213,496,8,059,08059,"Jefferson, CO"
214,0,8,061,08061,"Kiowa, CO"
215,0,8,063,08063,"Kit Carson, CO"
216,0,8,065,08065,"Lake, CO"
217,663,8,067,08067,"La Plata, CO"
218,330,8,069,08069,"Larimer, CO"
219,325,8,071,08071,"Las Animas, CO"
220,193,8,075,08075,"Logan, CO"
221,3870,8,077,08077,"Mesa, CO"
222,0,8,079,08079,"Mineral, CO"
223,298,8,081,08081,"Moffat, CO"
224,157,8,083,08083,"Montezuma, CO"
225,182,8,085,08085,"Montrose, CO"
226,497,8,087,08087,"Morgan, CO"
227,0,8,089,08089,"Otero, CO"
228,0,8,091,08091,"Ouray, CO"
229,0,8,093,08093,"Park, CO"
230,0,8,095,08095,"Phillips, CO"
231,0,8,097,08097,"Pitkin, CO"
232,81,8,099,08099,"Prowers, CO"
233,33,8,101,08101,"Pueblo, CO"
234,884,8,103,08103,"Rio Blanco, CO"
235,625,8,107,08107,"Routt, CO"
236,0,8,109,08109,"Saguache, CO"
237,0,8,111,08111,"San Juan, CO"
238,0,8,113,08113,"San Miguel, CO"
239,70,8,117,08117,"Summit, CO"
240,643,8,119,08119,"Teller, CO"
241,45,8,121,08121,"Washington, CO"
242,4267,8,123,08123,"Weld, CO"
243,233,8,125,08125,"Yuma, CO"
244,31,9,001,09001,"Fairfield, CT"
245,95,9,003,09003,"Hartford, CT"
246,65,9,005,09005,"Litchfield, CT"
247,9,9,007,09007,"Middlesex, CT"
248,136,9,009,09009,"New Haven, CT"
249,45,9,011,09011,"New London, CT"
250,38,9,013,09013,"Tolland, CT"
251,73,9,015,09015,"Windham, CT"
252,0,10,001,10001,"Kent, DE"
253,0,12,001,12001,"Alachua, FL"
254,7,12,005,12005,"Bay, FL"
255,116,12,007,12007,"Bradford, FL"
256,11,12,009,12009,"Brevard, FL"
257,88,12,011,12011,"Broward, FL"
258,0,12,013,12013,"Calhoun, FL"
259,22,12,015,12015,"Charlotte, FL"
260,72,12,017,12017,"Citrus, FL"
261,0,12,019,12019,"Clay, FL"
262,14,12,021,12021,"Collier, FL"
263,0,12,023,12023,"Columbia, FL"
264,52,12,031,12031,"Duval, FL"
265,58,12,033,12033,"Escambia, FL"
266,0,12,035,12035,"Flagler, FL"
267,221,12,039,12039,"Gadsden, FL"
268,148,12,049,12049,"Hardee, FL"
269,0,12,051,12051,"Hendry, FL"
270,64,12,053,12053,"Hernando, FL"
271,0,12,055,12055,"Highlands, FL"
272,298,12,057,12057,"Hillsborough, FL"
273,0,12,059,12059,"Holmes, FL"
274,19,12,061,12061,"Indian River, FL"
275,86,12,063,12063,"Jackson, FL"
276,0,12,067,12067,"Lafayette, FL"
277,93,12,069,12069,"Lake, FL"
278,130,12,071,12071,"Lee, FL"
279,0,12,073,12073,"Leon, FL"
280,0,12,075,12075,"Levy, FL"
281,0,12,079,12079,"Madison, FL"
282,0,12,081,12081,"Manatee, FL"
283,170,12,083,12083,"Marion, FL"
284,0,12,085,12085,"Martin, FL"
285,382,12,086,12086,"Miami-Dade, FL"
286,19,12,087,12087,"Monroe, FL"
287,6,12,091,12091,"Okaloosa, FL"
288,16,12,093,12093,"Okeechobee, FL"
289,38,12,095,12095,"Orange, FL"
290,39,12,097,12097,"Osceola, FL"
291,85,12,099,12099,"Palm Beach, FL"
292,73,12,101,12101,"Pasco, FL"
293,49,12,103,12103,"Pinellas, FL"
294,1110,12,105,12105,"Polk, FL"
295,62,12,107,12107,"Putnam, FL"
296,0,12,109,12109,"St. Johns, FL"
297,34,12,111,12111,"St. Lucie, FL"
298,79,12,113,12113,"Santa Rosa, FL"
299,34,12,115,12115,"Sarasota, FL"
300,3,12,117,12117,"Seminole, FL"
301,0,12,119,12119,"Sumter, FL"
302,0,12,121,12121,"Suwannee, FL"
303,38,12,123,12123,"Taylor, FL"
304,22,12,127,12127,"Volusia, FL"
305,0,12,131,12131,"Walton, FL"
306,0,12,133,12133,"Washington, FL"
307,0,13,003,13003,"Atkinson, GA"
308,0,13,009,13009,"Baldwin, GA"
309,23,13,013,13013,"Barrow, GA"
310,94,13,015,13015,"Bartow, GA"
311,0,13,019,13019,"Berrien, GA"
312,0,13,021,13021,"Bibb, GA"
313,0,13,025,13025,"Brantley, GA"
314,43,13,045,13045,"Carroll, GA"
315,0,13,051,13051,"Chatham, GA"
316,27,13,057,13057,"Cherokee, GA"
317,0,13,059,13059,"Clarke, GA"
318,0,13,063,13063,"Clayton, GA"
319,76,13,067,13067,"Cobb, GA"
320,0,13,073,13073,"Columbia, GA"
321,0,13,075,13075,"Cook, GA"
322,0,13,079,13079,"Crawford, GA"
323,0,13,087,13087,"Decatur, GA"
324,88,13,089,13089,"DeKalb, GA"
325,0,13,091,13091,"Dodge, GA"
326,0,13,097,13097,"Douglas, GA"
327,0,13,103,13103,"Effingham, GA"
328,139,13,105,13105,"Elbert, GA"
329,0,13,113,13113,"Fayette, GA"
330,0,13,115,13115,"Floyd, GA"
331,40,13,117,13117,"Forsyth, GA"
332,126,13,121,13121,"Fulton, GA"
333,50,13,123,13123,"Gilmer, GA"
334,0,13,127,13127,"Glynn, GA"
335,0,13,131,13131,"Grady, GA"
336,17,13,133,13133,"Greene, GA"
337,77,13,135,13135,"Gwinnett, GA"
338,0,13,137,13137,"Habersham, GA"
339,31,13,139,13139,"Hall, GA"
340,0,13,141,13141,"Hancock, GA"
341,80,13,151,13151,"Henry, GA"
342,0,13,153,13153,"Houston, GA"
343,0,13,157,13157,"Jackson, GA"
344,252,13,163,13163,"Jefferson, GA"
345,0,13,169,13169,"Jones, GA"
346,0,13,171,13171,"Lamar, GA"
347,0,13,177,13177,"Lee, GA"
348,0,13,183,13183,"Long, GA"
349,0,13,185,13185,"Lowndes, GA"
350,0,13,187,13187,"Lumpkin, GA"
351,3,13,189,13189,"McDuffie, GA"
352,0,13,191,13191,"McIntosh, GA"
353,0,13,193,13193,"Macon, GA"
354,0,13,207,13207,"Monroe, GA"
355,0,13,213,13213,"Murray, GA"
356,52,13,215,13215,"Muscogee, GA"
357,126,13,221,13221,"Oglethorpe, GA"
358,0,13,223,13223,"Paulding, GA"
359,115,13,227,13227,"Pickens, GA"
360,0,13,233,13233,"Polk, GA"
361,0,13,241,13241,"Rabun, GA"
362,57,13,245,13245,"Richmond, GA"
363,0,13,247,13247,"Rockdale, GA"
364,0,13,255,13255,"Spalding, GA"
365,0,13,257,13257,"Stephens, GA"
366,235,13,261,13261,"Sumter, GA"
367,151,13,263,13263,"Talbot, GA"
368,0,13,269,13269,"Taylor, GA"
369,282,13,275,13275,"Thomas, GA"
370,0,13,281,13281,"Towns, GA"
371,0,13,285,13285,"Troup, GA"
372,0,13,289,13289,"Twiggs, GA"
373,0,13,291,13291,"Union, GA"
374,0,13,297,13297,"Walton, GA"
375,52,13,301,13301,"Warren, GA"
376,210,13,303,13303,"Washington, GA"
377,0,13,307,13307,"Webster, GA"
378,69,13,313,13313,"Whitfield, GA"
379,0,13,317,13317,"Wilkes, GA"
380,832,13,319,13319,"Wilkinson, GA"
381,0,15,001,15001,"Hawaii, HI"
382,172,15,003,15003,"Honolulu, HI"
383,0,15,007,15007,"Kauai, HI"
384,0,15,009,15009,"Maui, HI"
385,82,16,001,16001,"Ada, ID"
386,0,16,007,16007,"Bear Lake, ID"
387,0,16,009,16009,"Benewah, ID"
388,0,16,011,16011,"Bingham, ID"
389,25,16,013,16013,"Blaine, ID"
390,28,16,015,16015,"Boise, ID"
391,131,16,017,16017,"Bonner, ID"
392,8,16,019,16019,"Bonneville, ID"
393,16,16,027,16027,"Canyon, ID"
394,333,16,029,16029,"Caribou, ID"
395,34,16,031,16031,"Cassia, ID"
396,0,16,035,16035,"Clearwater, ID"
397,362,16,037,16037,"Custer, ID"
398,40,16,041,16041,"Franklin, ID"
399,0,16,043,16043,"Fremont, ID"
400,0,16,045,16045,"Gem, ID"
401,0,16,047,16047,"Gooding, ID"
402,57,16,049,16049,"Idaho, ID"
403,96,16,055,16055,"Kootenai, ID"
404,0,16,057,16057,"Latah, ID"
405,0,16,059,16059,"Lemhi, ID"
406,0,16,067,16067,"Minidoka, ID"
407,87,16,069,16069,"Nez Perce, ID"
408,0,16,071,16071,"Oneida, ID"
409,43,16,073,16073,"Owyhee, ID"
410,0,16,075,16075,"Payette, ID"
411,0,16,077,16077,"Power, ID"
412,893,16,079,16079,"Shoshone, ID"
413,21,16,083,16083,"Twin Falls, ID"
414,24,16,085,16085,"Valley, ID"
415,124,17,001,17001,"Adams, IL"
416,0,17,003,17003,"Alexander, IL"
417,0,17,005,17005,"Bond, IL"
418,5,17,007,17007,"Boone, IL"
419,0,17,009,17009,"Brown, IL"
420,26,17,011,17011,"Bureau, IL"
421,0,17,013,17013,"Calhoun, IL"
422,0,17,015,17015,"Carroll, IL"
423,25,17,019,17019,"Champaign, IL"
424,29,17,021,17021,"Christian, IL"
425,55,17,023,17023,"Clark, IL"
426,100,17,025,17025,"Clay, IL"
427,0,17,027,17027,"Clinton, IL"
428,24,17,029,17029,"Coles, IL"
429,386,17,031,17031,"Cook, IL"
430,166,17,033,17033,"Crawford, IL"
431,0,17,035,17035,"Cumberland, IL"
432,9,17,037,17037,"DeKalb, IL"
433,0,17,039,17039,"De Witt, IL"
434,0,17,041,17041,"Douglas, IL"
435,196,17,043,17043,"DuPage, IL"
436,13,17,047,17047,"Edwards, IL"
437,0,17,049,17049,"Effingham, IL"
438,76,17,051,17051,"Fayette, IL"
439,0,17,053,17053,"Ford, IL"
440,49,17,055,17055,"Franklin, IL"
441,0,17,057,17057,"Fulton, IL"
442,0,17,059,17059,"Gallatin, IL"
443,0,17,061,17061,"Greene, IL"
444,0,17,063,17063,"Grundy, IL"
445,119,17,065,17065,"Hamilton, IL"
446,22,17,067,17067,"Hancock, IL"
447,84,17,069,17069,"Hardin, IL"
448,0,17,071,17071,"Henderson, IL"
449,0,17,073,17073,"Henry, IL"
450,10,17,075,17075,"Iroquois, IL"
451,409,17,077,17077,"Jackson, IL"
452,35,17,079,17079,"Jasper, IL"
453,143,17,081,17081,"Jefferson, IL"
454,0,17,085,17085,"Jo Daviess, IL"
455,0,17,087,17087,"Johnson, IL"
456,92,17,089,17089,"Kane, IL"
457,24,17,091,17091,"Kankakee, IL"
458,18,17,093,17093,"Kendall, IL"
459,0,17,095,17095,"Knox, IL"
460,65,17,097,17097,"Lake, IL"
461,542,17,099,17099,"LaSalle, IL"
462,349,17,101,17101,"Lawrence, IL"
463,20,17,103,17103,"Lee, IL"
464,24,17,105,17105,"Livingston, IL"
465,0,17,107,17107,"Logan, IL"
466,0,17,109,17109,"McDonough, IL"
467,38,17,111,17111,"McHenry, IL"
468,0,17,113,17113,"McLean, IL"
469,10,17,115,17115,"Macon, IL"
470,0,17,117,17117,"Macoupin, IL"
471,160,17,119,17119,"Madison, IL"
472,143,17,121,17121,"Marion, IL"
473,19,17,123,17123,"Marshall, IL"
474,0,17,125,17125,"Mason, IL"
475,0,17,129,17129,"Menard, IL"
476,32,17,133,17133,"Monroe, IL"
477,440,17,135,17135,"Montgomery, IL"
478,0,17,139,17139,"Moultrie, IL"
479,0,17,141,17141,"Ogle, IL"
480,52,17,143,17143,"Peoria, IL"
481,0,17,145,17145,"Perry, IL"
482,47,17,149,17149,"Pike, IL"
483,0,17,151,17151,"Pope, IL"
484,198,17,157,17157,"Randolph, IL"
485,152,17,159,17159,"Richland, IL"
486,58,17,161,17161,"Rock Island, IL"
487,67,17,163,17163,"St. Clair, IL"
488,1719,17,165,17165,"Saline, IL"
489,286,17,167,17167,"Sangamon, IL"
490,0,17,169,17169,"Schuyler, IL"
491,0,17,173,17173,"Shelby, IL"
492,10,17,179,17179,"Tazewell, IL"
493,0,17,181,17181,"Union, IL"
494,0,17,183,17183,"Vermilion, IL"
495,206,17,185,17185,"Wabash, IL"
496,0,17,187,17187,"Warren, IL"
497,75,17,189,17189,"Washington, IL"
498,145,17,191,17191,"Wayne, IL"
499,816,17,193,17193,"White, IL"
500,63,17,195,17195,"Whiteside, IL"
501,220,17,197,17197,"Will, IL"
502,368,17,199,17199,"Williamson, IL"
503,0,17,201,17201,"Winnebago, IL"
504,0,17,203,17203,"Woodford, IL"
505,0,18,001,18001,"Adams, IN"
506,80,18,003,18003,"Allen, IN"
507,32,18,005,18005,"Bartholomew, IN"
508,0,18,009,18009,"Blackford, IN"
509,0,18,011,18011,"Boone, IN"
510,0,18,015,18015,"Carroll, IN"
511,0,18,017,18017,"Cass, IN"
512,79,18,019,18019,"Clark, IN"
513,46,18,021,18021,"Clay, IN"
514,256,18,025,18025,"Crawford, IN"
515,331,18,027,18027,"Daviess, IN"
516,0,18,029,18029,"Dearborn, IN"
517,0,18,031,18031,"Decatur, IN"
518,15,18,033,18033,"DeKalb, IN"
519,19,18,035,18035,"Delaware, IN"
520,28,18,037,18037,"Dubois, IN"
521,38,18,039,18039,"Elkhart, IN"
522,0,18,041,18041,"Fayette, IN"
523,0,18,043,18043,"Floyd, IN"
524,0,18,047,18047,"Franklin, IN"
525,0,18,049,18049,"Fulton, IN"
526,999,18,051,18051,"Gibson, IN"
527,56,18,053,18053,"Grant, IN"
528,79,18,055,18055,"Greene, IN"
529,203,18,057,18057,"Hamilton, IN"
530,90,18,061,18061,"Harrison, IN"
531,0,18,065,18065,"Henry, IN"
532,0,18,067,18067,"Howard, IN"
533,0,18,069,18069,"Huntington, IN"
534,0,18,071,18071,"Jackson, IN"
535,0,18,073,18073,"Jasper, IN"
536,0,18,075,18075,"Jay, IN"
537,0,18,079,18079,"Jennings, IN"
538,22,18,081,18081,"Johnson, IN"
539,1108,18,083,18083,"Knox, IN"
540,7,18,085,18085,"Kosciusko, IN"
541,0,18,087,18087,"LaGrange, IN"
542,122,18,089,18089,"Lake, IN"
543,0,18,091,18091,"LaPorte, IN"
544,110,18,093,18093,"Lawrence, IN"
545,0,18,095,18095,"Madison, IN"
546,127,18,097,18097,"Marion, IN"
547,0,18,099,18099,"Marshall, IN"
548,49,18,103,18103,"Miami, IN"
549,157,18,105,18105,"Monroe, IN"
550,0,18,107,18107,"Montgomery, IN"
551,50,18,109,18109,"Morgan, IN"
552,0,18,111,18111,"Newton, IN"
553,18,18,113,18113,"Noble, IN"
554,0,18,117,18117,"Orange, IN"
555,0,18,119,18119,"Owen, IN"
556,0,18,121,18121,"Parke, IN"
557,0,18,123,18123,"Perry, IN"
558,589,18,125,18125,"Pike, IN"
559,0,18,127,18127,"Porter, IN"
560,70,18,129,18129,"Posey, IN"
561,0,18,131,18131,"Pulaski, IN"
562,59,18,133,18133,"Putnam, IN"
563,0,18,135,18135,"Randolph, IN"
564,33,18,137,18137,"Ripley, IN"
565,0,18,139,18139,"Rush, IN"
566,0,18,141,18141,"St. Joseph, IN"
567,0,18,143,18143,"Scott, IN"
568,75,18,145,18145,"Shelby, IN"
569,6,18,147,18147,"Spencer, IN"
570,10,18,151,18151,"Steuben, IN"
571,841,18,153,18153,"Sullivan, IN"
572,0,18,155,18155,"Switzerland, IN"
573,0,18,157,18157,"Tippecanoe, IN"
574,159,18,163,18163,"Vanderburgh, IN"
575,0,18,165,18165,"Vermillion, IN"
576,86,18,167,18167,"Vigo, IN"
577,0,18,169,18169,"Wabash, IN"
578,0,18,171,18171,"Warren, IN"
579,88,18,173,18173,"Warrick, IN"
580,0,18,175,18175,"Washington, IN"
581,16,18,177,18177,"Wayne, IN"
582,0,18,179,18179,"Wells, IN"
583,0,18,181,18181,"White, IN"
584,0,19,001,19001,"Adair, IA"
585,0,19,003,19003,"Adams, IA"
586,0,19,005,19005,"Allamakee, IA"
587,16,19,007,19007,"Appanoose, IA"
588,0,19,011,19011,"Benton, IA"
589,41,19,013,19013,"Black Hawk, IA"
590,0,19,015,19015,"Boone, IA"
591,11,19,017,19017,"Bremer, IA"
592,5,19,019,19019,"Buchanan, IA"
593,0,19,023,19023,"Butler, IA"
594,0,19,027,19027,"Carroll, IA"
595,0,19,029,19029,"Cass, IA"
596,14,19,033,19033,"Cerro Gordo, IA"
597,0,19,035,19035,"Cherokee, IA"
598,0,19,039,19039,"Clarke, IA"
599,0,19,041,19041,"Clay, IA"
600,0,19,043,19043,"Clayton, IA"
601,0,19,045,19045,"Clinton, IA"
602,15,19,049,19049,"Dallas, IA"
603,0,19,051,19051,"Davis, IA"
604,0,19,053,19053,"Decatur, IA"
605,0,19,055,19055,"Delaware, IA"
606,0,19,057,19057,"Des Moines, IA"
607,0,19,059,19059,"Dickinson, IA"
608,0,19,061,19061,"Dubuque, IA"
609,13,19,065,19065,"Fayette, IA"
610,0,19,069,19069,"Franklin, IA"
611,0,19,073,19073,"Greene, IA"
612,0,19,079,19079,"Hamilton, IA"
613,0,19,081,19081,"Hancock, IA"
614,94,19,083,19083,"Hardin, IA"
615,0,19,087,19087,"Henry, IA"
616,0,19,091,19091,"Humboldt, IA"
617,0,19,095,19095,"Iowa, IA"
618,0,19,099,19099,"Jasper, IA"
619,0,19,101,19101,"Jefferson, IA"
620,68,19,103,19103,"Johnson, IA"
621,0,19,105,19105,"Jones, IA"
622,33,19,107,19107,"Keokuk, IA"
623,5,19,111,19111,"Lee, IA"
624,83,19,113,19113,"Linn, IA"
625,0,19,115,19115,"Louisa, IA"
626,0,19,119,19119,"Lyon, IA"
627,51,19,121,19121,"Madison, IA"
628,0,19,123,19123,"Mahaska, IA"
629,66,19,125,19125,"Marion, IA"
630,0,19,127,19127,"Marshall, IA"
631,0,19,129,19129,"Mills, IA"
632,0,19,131,19131,"Mitchell, IA"
633,0,19,135,19135,"Monroe, IA"
634,23,19,137,19137,"Montgomery, IA"
635,47,19,139,19139,"Muscatine, IA"
636,0,19,143,19143,"Osceola, IA"
637,0,19,145,19145,"Page, IA"
638,0,19,149,19149,"Plymouth, IA"
639,0,19,151,19151,"Pocahontas, IA"
640,88,19,153,19153,"Polk, IA"
641,47,19,155,19155,"Pottawattamie, IA"
642,0,19,157,19157,"Poweshiek, IA"
643,0,19,159,19159,"Ringgold, IA"
644,0,19,161,19161,"Sac, IA"
645,15,19,163,19163,"Scott, IA"
646,36,19,167,19167,"Sioux, IA"
647,0,19,169,19169,"Story, IA"
648,0,19,175,19175,"Union, IA"
649,11,19,177,19177,"Van Buren, IA"
650,7,19,183,19183,"Washington, IA"
651,76,19,187,19187,"Webster, IA"
652,164,19,191,19191,"Winneshiek, IA"
653,0,19,193,19193,"Woodbury, IA"
654,16,19,195,19195,"Worth, IA"
655,0,19,197,19197,"Wright, IA"
656,211,20,001,20001,"Allen, KS"
657,35,20,003,20003,"Anderson, KS"
658,16,20,005,20005,"Atchison, KS"
659,215,20,007,20007,"Barber, KS"
660,841,20,009,20009,"Barton, KS"
661,0,20,011,20011,"Bourbon, KS"
662,0,20,013,20013,"Brown, KS"
663,132,20,015,20015,"Butler, KS"
664,0,20,017,20017,"Chase, KS"
665,71,20,019,20019,"Chautauqua, KS"
666,29,20,021,20021,"Cherokee, KS"
667,0,20,023,20023,"Cheyenne, KS"
668,0,20,025,20025,"Clark, KS"
669,0,20,029,20029,"Cloud, KS"
670,50,20,031,20031,"Coffey, KS"
671,35,20,033,20033,"Comanche, KS"
672,53,20,035,20035,"Cowley, KS"
673,32,20,037,20037,"Crawford, KS"
674,12,20,039,20039,"Decatur, KS"
675,0,20,041,20041,"Dickinson, KS"
676,0,20,043,20043,"Doniphan, KS"
677,19,20,045,20045,"Douglas, KS"
678,0,20,047,20047,"Edwards, KS"
679,27,20,049,20049,"Elk, KS"
680,640,20,051,20051,"Ellis, KS"
681,59,20,053,20053,"Ellsworth, KS"
682,349,20,055,20055,"Finney, KS"
683,0,20,057,20057,"Ford, KS"
684,124,20,059,20059,"Franklin, KS"
685,5,20,063,20063,"Gove, KS"
686,110,20,065,20065,"Graham, KS"
687,348,20,067,20067,"Grant, KS"
688,0,20,071,20071,"Greeley, KS"
689,145,20,073,20073,"Greenwood, KS"
690,0,20,075,20075,"Hamilton, KS"
691,144,20,077,20077,"Harper, KS"
692,19,20,079,20079,"Harvey, KS"
693,63,20,081,20081,"Haskell, KS"
694,0,20,083,20083,"Hodgeman, KS"
695,0,20,085,20085,"Jackson, KS"
696,259,20,087,20087,"Jefferson, KS"
697,227,20,091,20091,"Johnson, KS"
698,10,20,093,20093,"Kearny, KS"
699,80,20,095,20095,"Kingman, KS"
700,9,20,097,20097,"Kiowa, KS"
701,0,20,099,20099,"Labette, KS"
702,0,20,101,20101,"Lane, KS"
703,0,20,103,20103,"Leavenworth, KS"
704,78,20,107,20107,"Linn, KS"
705,0,20,109,20109,"Logan, KS"
706,32,20,111,20111,"Lyon, KS"
707,121,20,113,20113,"McPherson, KS"
708,24,20,115,20115,"Marion, KS"
709,0,20,117,20117,"Marshall, KS"
710,9,20,119,20119,"Meade, KS"
711,78,20,121,20121,"Miami, KS"
712,0,20,123,20123,"Mitchell, KS"
713,157,20,125,20125,"Montgomery, KS"
714,179,20,129,20129,"Morton, KS"
715,0,20,131,20131,"Nemaha, KS"
716,397,20,133,20133,"Neosho, KS"
717,240,20,135,20135,"Ness, KS"
718,0,20,137,20137,"Norton, KS"
719,0,20,139,20139,"Osage, KS"
720,19,20,141,20141,"Osborne, KS"
721,0,20,145,20145,"Pawnee, KS"
722,30,20,147,20147,"Phillips, KS"
723,407,20,151,20151,"Pratt, KS"
724,69,20,155,20155,"Reno, KS"
725,0,20,157,20157,"Republic, KS"
726,158,20,159,20159,"Rice, KS"
727,0,20,161,20161,"Riley, KS"
728,123,20,163,20163,"Rooks, KS"
729,0,20,165,20165,"Rush, KS"
730,322,20,167,20167,"Russell, KS"
731,0,20,169,20169,"Saline, KS"
732,0,20,171,20171,"Scott, KS"
733,899,20,173,20173,"Sedgwick, KS"
734,681,20,175,20175,"Seward, KS"
735,24,20,177,20177,"Shawnee, KS"
736,0,20,179,20179,"Sheridan, KS"
737,0,20,181,20181,"Sherman, KS"
738,0,20,183,20183,"Smith, KS"
739,0,20,185,20185,"Stafford, KS"
740,24,20,189,20189,"Stevens, KS"
741,24,20,191,20191,"Sumner, KS"
742,0,20,193,20193,"Thomas, KS"
743,127,20,195,20195,"Trego, KS"
744,0,20,197,20197,"Wabaunsee, KS"
745,0,20,201,20201,"Washington, KS"
746,60,20,205,20205,"Wilson, KS"
747,79,20,207,20207,"Woodson, KS"
748,49,20,209,20209,"Wyandotte, KS"
749,27,21,001,21001,"Adair, KY"
750,0,21,005,21005,"Anderson, KY"
751,9,21,009,21009,"Barren, KY"
752,788,21,013,21013,"Bell, KY"
753,18,21,015,21015,"Boone, KY"
754,0,21,017,21017,"Bourbon, KY"
755,156,21,019,21019,"Boyd, KY"
756,0,21,021,21021,"Boyle, KY"
757,0,21,025,21025,"Breathitt, KY"
758,21,21,027,21027,"Breckinridge, KY"
759,63,21,029,21029,"Bullitt, KY"
760,0,21,031,21031,"Butler, KY"
761,22,21,033,21033,"Caldwell, KY"
762,49,21,043,21043,"Carter, KY"
763,0,21,045,21045,"Casey, KY"
764,30,21,047,21047,"Christian, KY"
765,23,21,049,21049,"Clark, KY"
766,32,21,051,21051,"Clay, KY"
767,98,21,053,21053,"Clinton, KY"
768,0,21,055,21055,"Crittenden, KY"
769,0,21,057,21057,"Cumberland, KY"
770,133,21,059,21059,"Daviess, KY"
771,33,21,065,21065,"Estill, KY"
772,504,21,067,21067,"Fayette, KY"
773,0,21,069,21069,"Fleming, KY"
774,926,21,071,21071,"Floyd, KY"
775,0,21,073,21073,"Franklin, KY"
776,0,21,075,21075,"Fulton, KY"
777,0,21,077,21077,"Gallatin, KY"
778,36,21,083,21083,"Graves, KY"
779,12,21,085,21085,"Grayson, KY"
780,53,21,089,21089,"Greenup, KY"
781,0,21,091,21091,"Hancock, KY"
782,29,21,093,21093,"Hardin, KY"
783,2548,21,095,21095,"Harlan, KY"
784,0,21,097,21097,"Harrison, KY"
785,0,21,099,21099,"Hart, KY"
786,295,21,101,21101,"Henderson, KY"
787,0,21,103,21103,"Henry, KY"
788,1781,21,107,21107,"Hopkins, KY"
789,0,21,109,21109,"Jackson, KY"
790,159,21,111,21111,"Jefferson, KY"
791,0,21,113,21113,"Jessamine, KY"
792,204,21,115,21115,"Johnson, KY"
793,0,21,117,21117,"Kenton, KY"
794,979,21,119,21119,"Knott, KY"
795,70,21,121,21121,"Knox, KY"
796,0,21,123,21123,"Larue, KY"
797,404,21,125,21125,"Laurel, KY"
798,71,21,127,21127,"Lawrence, KY"
799,93,21,129,21129,"Lee, KY"
800,168,21,131,21131,"Leslie, KY"
801,968,21,133,21133,"Letcher, KY"
802,453,21,139,21139,"Livingston, KY"
803,0,21,141,21141,"Logan, KY"
804,0,21,145,21145,"McCracken, KY"
805,0,21,147,21147,"McCreary, KY"
806,0,21,149,21149,"McLean, KY"
807,0,21,151,21151,"Madison, KY"
808,89,21,153,21153,"Magoffin, KY"
809,623,21,159,21159,"Martin, KY"
810,0,21,161,21161,"Mason, KY"
811,80,21,163,21163,"Meade, KY"
812,0,21,165,21165,"Menifee, KY"
813,0,21,167,21167,"Mercer, KY"
814,0,21,173,21173,"Montgomery, KY"
815,199,21,175,21175,"Morgan, KY"
816,250,21,177,21177,"Muhlenberg, KY"
817,50,21,179,21179,"Nelson, KY"
818,683,21,183,21183,"Ohio, KY"
819,0,21,185,21185,"Oldham, KY"
820,0,21,189,21189,"Owsley, KY"
821,0,21,191,21191,"Pendleton, KY"
822,1954,21,193,21193,"Perry, KY"
823,4804,21,195,21195,"Pike, KY"
824,0,21,197,21197,"Powell, KY"
825,51,21,199,21199,"Pulaski, KY"
826,0,21,203,21203,"Rockcastle, KY"
827,0,21,205,21205,"Rowan, KY"
828,0,21,209,21209,"Scott, KY"
829,0,21,221,21221,"Trigg, KY"
830,1396,21,225,21225,"Union, KY"
831,127,21,227,21227,"Warren, KY"
832,0,21,231,21231,"Wayne, KY"
833,363,21,233,21233,"Webster, KY"
834,158,21,235,21235,"Whitley, KY"
835,0,21,237,21237,"Wolfe, KY"
836,305,22,001,22001,"Acadia, LA"
837,0,22,003,22003,"Allen, LA"
838,193,22,005,22005,"Ascension, LA"
839,46,22,007,22007,"Assumption, LA"
840,9,22,009,22009,"Avoyelles, LA"
841,32,22,011,22011,"Beauregard, LA"
842,135,22,013,22013,"Bienville, LA"
843,2667,22,015,22015,"Bossier, LA"
844,2598,22,017,22017,"Caddo, LA"
845,793,22,019,22019,"Calcasieu, LA"
846,17,22,021,22021,"Caldwell, LA"
847,323,22,023,22023,"Cameron, LA"
848,31,22,025,22025,"Catahoula, LA"
849,413,22,027,22027,"Claiborne, LA"
850,405,22,029,22029,"Concordia, LA"
851,1117,22,031,22031,"De Soto, LA"
852,940,22,033,22033,"East Baton Rouge, LA"
853,25,22,037,22037,"East Feliciana, LA"
854,11,22,039,22039,"Evangeline, LA"
855,0,22,041,22041,"Franklin, LA"
856,0,22,043,22043,"Grant, LA"
857,3724,22,045,22045,"Iberia, LA"
858,262,22,047,22047,"Iberville, LA"
859,0,22,049,22049,"Jackson, LA"
860,1668,22,051,22051,"Jefferson, LA"
861,275,22,053,22053,"Jefferson Davis, LA"
862,16820,22,055,22055,"Lafayette, LA"
863,1236,22,057,22057,"Lafourche, LA"
864,418,22,059,22059,"LaSalle, LA"
865,95,22,061,22061,"Lincoln, LA"
866,99,22,063,22063,"Livingston, LA"
867,0,22,067,22067,"Morehouse, LA"
868,0,22,069,22069,"Natchitoches, LA"
869,2553,22,071,22071,"Orleans, LA"
870,121,22,073,22073,"Ouachita, LA"
871,1059,22,075,22075,"Plaquemines, LA"
872,103,22,077,22077,"Pointe Coupee, LA"
873,235,22,079,22079,"Rapides, LA"
874,117,22,081,22081,"Red River, LA"
875,32,22,083,22083,"Richland, LA"
876,52,22,085,22085,"Sabine, LA"
877,23,22,087,22087,"St. Bernard, LA"
878,78,22,089,22089,"St. Charles, LA"
879,35,22,091,22091,"St. Helena, LA"
880,0,22,093,22093,"St. James, LA"
881,536,22,095,22095,"St. John the Baptist, LA"
882,497,22,097,22097,"St. Landry, LA"
883,1045,22,099,22099,"St. Martin, LA"
884,2219,22,101,22101,"St. Mary, LA"
885,1411,22,103,22103,"St. Tammany, LA"
886,105,22,105,22105,"Tangipahoa, LA"
887,0,22,107,22107,"Tensas, LA"
888,4356,22,109,22109,"Terrebonne, LA"
889,18,22,111,22111,"Union, LA"
890,1019,22,113,22113,"Vermilion, LA"
891,54,22,115,22115,"Vernon, LA"
892,60,22,117,22117,"Washington, LA"
893,814,22,119,22119,"Webster, LA"
894,0,22,121,22121,"West Baton Rouge, LA"
895,0,22,123,22123,"West Carroll, LA"
896,0,22,125,22125,"West Feliciana, LA"
897,105,22,127,22127,"Winn, LA"
898,0,23,001,23001,"Androscoggin, ME"
899,22,23,005,23005,"Cumberland, ME"
900,6,23,009,23009,"Hancock, ME"
901,13,23,011,23011,"Kennebec, ME"
902,10,23,017,23017,"Oxford, ME"
903,0,23,021,23021,"Piscataquis, ME"
904,0,23,027,23027,"Waldo, ME"
905,0,23,029,23029,"Washington, ME"
906,50,23,031,23031,"York, ME"
907,145,24,001,24001,"Allegany, MD"
908,56,24,003,24003,"Anne Arundel, MD"
909,62,24,005,24005,"Baltimore, MD"
910,0,24,009,24009,"Calvert, MD"
911,61,24,013,24013,"Carroll, MD"
912,95,24,015,24015,"Cecil, MD"
913,0,24,017,24017,"Charles, MD"
914,46,24,019,24019,"Dorchester, MD"
915,66,24,021,24021,"Frederick, MD"
916,398,24,023,24023,"Garrett, MD"
917,110,24,025,24025,"Harford, MD"
918,0,24,027,24027,"Howard, MD"
919,0,24,029,24029,"Kent, MD"
920,135,24,031,24031,"Montgomery, MD"
921,44,24,033,24033,"Prince Georges, MD"
922,0,24,035,24035,"Queen Annes, MD"
923,0,24,037,24037,"St. Marys, MD"
924,8,24,041,24041,"Talbot, MD"
925,48,24,043,24043,"Washington, MD"
926,0,24,045,24045,"Wicomico, MD"
927,7,24,047,24047,"Worcester, MD"
928,0,25,001,25001,"Barnstable, MA"
929,44,25,003,25003,"Berkshire, MA"
930,15,25,005,25005,"Bristol, MA"
931,47,25,009,25009,"Essex, MA"
932,0,25,011,25011,"Franklin, MA"
933,64,25,013,25013,"Hampden, MA"
934,27,25,015,25015,"Hampshire, MA"
935,168,25,017,25017,"Middlesex, MA"
936,70,25,021,25021,"Norfolk, MA"
937,79,25,023,25023,"Plymouth, MA"
938,0,25,025,25025,"Suffolk, MA"
939,182,25,027,25027,"Worcester, MA"
940,22,26,005,26005,"Allegan, MI"
941,159,26,007,26007,"Alpena, MI"
942,0,26,009,26009,"Antrim, MI"
943,13,26,011,26011,"Arenac, MI"
944,0,26,013,26013,"Baraga, MI"
945,0,26,015,26015,"Barry, MI"
946,10,26,017,26017,"Bay, MI"
947,0,26,019,26019,"Benzie, MI"
948,77,26,021,26021,"Berrien, MI"
949,42,26,025,26025,"Calhoun, MI"
950,0,26,027,26027,"Cass, MI"
951,0,26,029,26029,"Charlevoix, MI"
952,0,26,031,26031,"Cheboygan, MI"
953,15,26,033,26033,"Chippewa, MI"
954,0,26,035,26035,"Clare, MI"
955,37,26,037,26037,"Clinton, MI"
956,0,26,039,26039,"Crawford, MI"
957,0,26,041,26041,"Delta, MI"
958,25,26,045,26045,"Eaton, MI"
959,0,26,047,26047,"Emmet, MI"
960,38,26,049,26049,"Genesee, MI"
961,0,26,051,26051,"Gladwin, MI"
962,253,26,055,26055,"Grand Traverse, MI"
963,0,26,057,26057,"Gratiot, MI"
964,0,26,059,26059,"Hillsdale, MI"
965,0,26,061,26061,"Houghton, MI"
966,0,26,063,26063,"Huron, MI"
967,227,26,065,26065,"Ingham, MI"
968,0,26,067,26067,"Ionia, MI"
969,0,26,069,26069,"Iosco, MI"
970,0,26,071,26071,"Iron, MI"
971,435,26,073,26073,"Isabella, MI"
972,73,26,075,26075,"Jackson, MI"
973,65,26,077,26077,"Kalamazoo, MI"
974,420,26,079,26079,"Kalkaska, MI"
975,110,26,081,26081,"Kent, MI"
976,0,26,083,26083,"Keweenaw, MI"
977,68,26,087,26087,"Lapeer, MI"
978,105,26,089,26089,"Leelanau, MI"
979,0,26,091,26091,"Lenawee, MI"
980,27,26,093,26093,"Livingston, MI"
981,77,26,097,26097,"Mackinac, MI"
982,47,26,099,26099,"Macomb, MI"
983,26,26,101,26101,"Manistee, MI"
984,1771,26,103,26103,"Marquette, MI"
985,0,26,105,26105,"Mason, MI"
986,0,26,107,26107,"Mecosta, MI"
987,24,26,109,26109,"Menominee, MI"
988,0,26,111,26111,"Midland, MI"
989,20,26,113,26113,"Missaukee, MI"
990,0,26,117,26117,"Montcalm, MI"
991,45,26,119,26119,"Montmorency, MI"
992,0,26,121,26121,"Muskegon, MI"
993,0,26,123,26123,"Newaygo, MI"
994,105,26,125,26125,"Oakland, MI"
995,26,26,127,26127,"Oceana, MI"
996,35,26,129,26129,"Ogemaw, MI"
997,63,26,133,26133,"Osceola, MI"
998,281,26,137,26137,"Otsego, MI"
999,23,26,139,26139,"Ottawa, MI"
1000,0,26,141,26141,"Presque Isle, MI"
1001,0,26,143,26143,"Roscommon, MI"
1002,89,26,145,26145,"Saginaw, MI"
1003,0,26,147,26147,"St. Clair, MI"
1004,42,26,151,26151,"Sanilac, MI"
1005,129,26,153,26153,"Schoolcraft, MI"
1006,13,26,155,26155,"Shiawassee, MI"
1007,0,26,157,26157,"Tuscola, MI"
1008,0,26,159,26159,"Van Buren, MI"
1009,6,26,161,26161,"Washtenaw, MI"
1010,445,26,163,26163,"Wayne, MI"
1011,22,26,165,26165,"Wexford, MI"
1012,0,27,001,27001,"Aitkin, MN"
1013,0,27,005,27005,"Becker, MN"
1014,0,27,011,27011,"Big Stone, MN"
1015,0,27,013,27013,"Blue Earth, MN"
1016,0,27,017,27017,"Carlton, MN"
1017,0,27,023,27023,"Chippewa, MN"
1018,0,27,025,27025,"Chisago, MN"
1019,0,27,027,27027,"Clay, MN"
1020,154,27,037,27037,"Dakota, MN"
1021,0,27,039,27039,"Dodge, MN"
1022,0,27,041,27041,"Douglas, MN"
1023,0,27,045,27045,"Fillmore, MN"
1024,0,27,047,27047,"Freeborn, MN"
1025,0,27,049,27049,"Goodhue, MN"
1026,213,27,053,27053,"Hennepin, MN"
1027,0,27,057,27057,"Hubbard, MN"
1028,598,27,061,27061,"Itasca, MN"
1029,13,27,065,27065,"Kanabec, MN"
1030,0,27,067,27067,"Kandiyohi, MN"
1031,0,27,075,27075,"Lake, MN"
1032,134,27,079,27079,"Le Sueur, MN"
1033,0,27,081,27081,"Lincoln, MN"
1034,0,27,085,27085,"McLeod, MN"
1035,0,27,089,27089,"Marshall, MN"
1036,11,27,093,27093,"Meeker, MN"
1037,0,27,095,27095,"Mille Lacs, MN"
1038,44,27,097,27097,"Morrison, MN"
1039,9,27,101,27101,"Murray, MN"
1040,0,27,103,27103,"Nicollet, MN"
1041,9,27,109,27109,"Olmsted, MN"
1042,12,27,111,27111,"Otter Tail, MN"
1043,0,27,115,27115,"Pine, MN"
1044,36,27,117,27117,"Pipestone, MN"
1045,29,27,119,27119,"Polk, MN"
1046,0,27,123,27123,"Ramsey, MN"
1047,8,27,127,27127,"Redwood, MN"
1048,25,27,131,27131,"Rice, MN"
1049,3066,27,137,27137,"St. Louis, MN"
1050,56,27,139,27139,"Scott, MN"
1051,75,27,141,27141,"Sherburne, MN"
1052,88,27,145,27145,"Stearns, MN"
1053,0,27,147,27147,"Steele, MN"
1054,0,27,149,27149,"Stevens, MN"
1055,0,27,151,27151,"Swift, MN"
1056,0,27,153,27153,"Todd, MN"
1057,0,27,157,27157,"Wabasha, MN"
1058,0,27,161,27161,"Waseca, MN"
1059,127,27,163,27163,"Washington, MN"
1060,0,27,165,27165,"Watonwan, MN"
1061,0,27,167,27167,"Wilkin, MN"
1062,0,27,169,27169,"Winona, MN"
1063,0,27,171,27171,"Wright, MN"
1064,0,27,173,27173,"Yellow Medicine, MN"
1065,425,28,001,28001,"Adams, MS"
1066,3,28,005,28005,"Amite, MS"
1067,5,28,007,28007,"Attala, MS"
1068,0,28,013,28013,"Calhoun, MS"
1069,0,28,015,28015,"Carroll, MS"
1070,252,28,019,28019,"Choctaw, MS"
1071,189,28,023,28023,"Clarke, MS"
1072,0,28,025,28025,"Clay, MS"
1073,78,28,029,28029,"Copiah, MS"
1074,9,28,031,28031,"Covington, MS"
1075,23,28,033,28033,"DeSoto, MS"
1076,69,28,035,28035,"Forrest, MS"
1077,0,28,037,28037,"Franklin, MS"
1078,0,28,039,28039,"George, MS"
1079,0,28,041,28041,"Greene, MS"
1080,26,28,045,28045,"Hancock, MS"
1081,186,28,049,28049,"Hinds, MS"
1082,16,28,051,28051,"Holmes, MS"
1083,0,28,057,28057,"Itawamba, MS"
1084,62,28,059,28059,"Jackson, MS"
1085,101,28,061,28061,"Jasper, MS"
1086,43,28,065,28065,"Jefferson Davis, MS"
1087,2227,28,067,28067,"Jones, MS"
1088,0,28,069,28069,"Kemper, MS"
1089,0,28,071,28071,"Lafayette, MS"
1090,105,28,073,28073,"Lamar, MS"
1091,0,28,075,28075,"Lauderdale, MS"
1092,5,28,077,28077,"Lawrence, MS"
1093,0,28,079,28079,"Leake, MS"
1094,180,28,085,28085,"Lincoln, MS"
1095,45,28,087,28087,"Lowndes, MS"
1096,151,28,089,28089,"Madison, MS"
1097,448,28,091,28091,"Marion, MS"
1098,0,28,093,28093,"Marshall, MS"
1099,83,28,095,28095,"Monroe, MS"
1100,0,28,101,28101,"Newton, MS"
1101,0,28,103,28103,"Noxubee, MS"
1102,14,28,107,28107,"Panola, MS"
1103,0,28,109,28109,"Pearl River, MS"
1104,51,28,111,28111,"Perry, MS"
1105,33,28,113,28113,"Pike, MS"
1106,0,28,119,28119,"Quitman, MS"
1107,808,28,121,28121,"Rankin, MS"
1108,25,28,127,28127,"Simpson, MS"
1109,0,28,129,28129,"Smith, MS"
1110,0,28,131,28131,"Stone, MS"
1111,0,28,137,28137,"Tate, MS"
1112,49,28,139,28139,"Tippah, MS"
1113,20,28,147,28147,"Walthall, MS"
1114,0,28,149,28149,"Warren, MS"
1115,0,28,151,28151,"Washington, MS"
1116,140,28,153,28153,"Wayne, MS"
1117,0,28,155,28155,"Webster, MS"
1118,0,28,161,28161,"Yalobusha, MS"
1119,202,28,163,28163,"Yazoo, MS"
1120,0,29,003,29003,"Andrew, MO"
1121,23,29,009,29009,"Barry, MO"
1122,0,29,011,29011,"Barton, MO"
1123,0,29,013,29013,"Bates, MO"
1124,0,29,015,29015,"Benton, MO"
1125,0,29,017,29017,"Bollinger, MO"
1126,41,29,019,29019,"Boone, MO"
1127,0,29,021,29021,"Buchanan, MO"
1128,0,29,025,29025,"Caldwell, MO"
1129,91,29,027,29027,"Callaway, MO"
1130,0,29,029,29029,"Camden, MO"
1131,50,29,031,29031,"Cape Girardeau, MO"
1132,0,29,035,29035,"Carter, MO"
1133,41,29,037,29037,"Cass, MO"
1134,0,29,039,29039,"Cedar, MO"
1135,0,29,043,29043,"Christian, MO"
1136,0,29,045,29045,"Clark, MO"
1137,66,29,047,29047,"Clay, MO"
1138,48,29,051,29051,"Cole, MO"
1139,0,29,053,29053,"Cooper, MO"
1140,0,29,055,29055,"Crawford, MO"
1141,0,29,057,29057,"Dade, MO"
1142,0,29,059,29059,"Dallas, MO"
1143,0,29,067,29067,"Douglas, MO"
1144,59,29,071,29071,"Franklin, MO"
1145,14,29,073,29073,"Gasconade, MO"
1146,58,29,077,29077,"Greene, MO"
1147,0,29,079,29079,"Grundy, MO"
1148,0,29,081,29081,"Harrison, MO"
1149,0,29,085,29085,"Hickory, MO"
1150,0,29,087,29087,"Holt, MO"
1151,0,29,089,29089,"Howard, MO"
1152,37,29,091,29091,"Howell, MO"
1153,1064,29,093,29093,"Iron, MO"
1154,69,29,095,29095,"Jackson, MO"
1155,89,29,097,29097,"Jasper, MO"
1156,94,29,099,29099,"Jefferson, MO"
1157,0,29,103,29103,"Knox, MO"
1158,27,29,109,29109,"Lawrence, MO"
1159,0,29,111,29111,"Lewis, MO"
1160,82,29,113,29113,"Lincoln, MO"
1161,0,29,117,29117,"Livingston, MO"
1162,0,29,119,29119,"McDonald, MO"
1163,258,29,123,29123,"Madison, MO"
1164,0,29,127,29127,"Marion, MO"
1165,0,29,129,29129,"Mercer, MO"
1166,0,29,131,29131,"Miller, MO"
1167,0,29,135,29135,"Moniteau, MO"
1168,0,29,137,29137,"Monroe, MO"
1169,10,29,139,29139,"Montgomery, MO"
1170,0,29,141,29141,"Morgan, MO"
1171,0,29,145,29145,"Newton, MO"
1172,4,29,147,29147,"Nodaway, MO"
1173,0,29,149,29149,"Oregon, MO"
1174,18,29,151,29151,"Osage, MO"
1175,0,29,157,29157,"Perry, MO"
1176,14,29,159,29159,"Pettis, MO"
1177,19,29,161,29161,"Phelps, MO"
1178,37,29,163,29163,"Pike, MO"
1179,64,29,165,29165,"Platte, MO"
1180,11,29,167,29167,"Polk, MO"
1181,36,29,169,29169,"Pulaski, MO"
1182,0,29,175,29175,"Randolph, MO"
1183,15,29,177,29177,"Ray, MO"
1184,0,29,179,29179,"Reynolds, MO"
1185,46,29,183,29183,"St. Charles, MO"
1186,0,29,185,29185,"St. Clair, MO"
1187,176,29,186,29186,"Ste. Genevieve, MO"
1188,61,29,187,29187,"St. Francois, MO"
1189,388,29,189,29189,"St. Louis, MO"
1190,0,29,201,29201,"Scott, MO"
1191,0,29,203,29203,"Shannon, MO"
1192,0,29,205,29205,"Shelby, MO"
1193,0,29,207,29207,"Stoddard, MO"
1194,0,29,209,29209,"Stone, MO"
1195,0,29,211,29211,"Sullivan, MO"
1196,27,29,213,29213,"Taney, MO"
1197,14,29,215,29215,"Texas, MO"
1198,28,29,217,29217,"Vernon, MO"
1199,0,29,219,29219,"Warren, MO"
1200,51,29,221,29221,"Washington, MO"
1201,0,29,223,29223,"Wayne, MO"
1202,0,29,225,29225,"Webster, MO"
1203,0,29,227,29227,"Worth, MO"
1204,0,29,229,29229,"Wright, MO"
1205,0,29,510,29510,"St. Louis, MO"
1206,79,30,001,30001,"Beaverhead, MT"
1207,518,30,003,30003,"Big Horn, MT"
1208,10,30,005,30005,"Blaine, MT"
1209,35,30,007,30007,"Broadwater, MT"
1210,30,30,009,30009,"Carbon, MT"
1211,14,30,013,30013,"Cascade, MT"
1212,5,30,017,30017,"Custer, MT"
1213,0,30,019,30019,"Daniels, MT"
1214,260,30,021,30021,"Dawson, MT"
1215,370,30,025,30025,"Fallon, MT"
1216,0,30,027,30027,"Fergus, MT"
1217,221,30,029,30029,"Flathead, MT"
1218,295,30,031,30031,"Gallatin, MT"
1219,209,30,035,30035,"Glacier, MT"
1220,0,30,037,30037,"Golden Valley, MT"
1221,0,30,039,30039,"Granite, MT"
1222,76,30,041,30041,"Hill, MT"
1223,247,30,043,30043,"Jefferson, MT"
1224,13,30,047,30047,"Lake, MT"
1225,304,30,049,30049,"Lewis and Clark, MT"
1226,0,30,051,30051,"Liberty, MT"
1227,231,30,053,30053,"Lincoln, MT"
1228,48,30,057,30057,"Madison, MT"
1229,0,30,059,30059,"Meagher, MT"
1230,53,30,063,30063,"Missoula, MT"
1231,405,30,065,30065,"Musselshell, MT"
1232,8,30,067,30067,"Park, MT"
1233,0,30,069,30069,"Petroleum, MT"
1234,0,30,071,30071,"Phillips, MT"
1235,20,30,073,30073,"Pondera, MT"
1236,0,30,075,30075,"Powder River, MT"
1237,0,30,081,30081,"Ravalli, MT"
1238,811,30,083,30083,"Richland, MT"
1239,55,30,085,30085,"Roosevelt, MT"
1240,557,30,087,30087,"Rosebud, MT"
1241,74,30,089,30089,"Sanders, MT"
1242,38,30,091,30091,"Sheridan, MT"
1243,388,30,093,30093,"Silver Bow, MT"
1244,1061,30,095,30095,"Stillwater, MT"
1245,0,30,097,30097,"Sweet Grass, MT"
1246,149,30,101,30101,"Toole, MT"
1247,0,30,103,30103,"Treasure, MT"
1248,0,30,105,30105,"Valley, MT"
1249,0,30,107,30107,"Wheatland, MT"
1250,0,30,109,30109,"Wibaux, MT"
1251,346,30,111,30111,"Yellowstone, MT"
1252,0,31,003,31003,"Antelope, NE"
1253,45,31,019,31019,"Buffalo, NE"
1254,0,31,023,31023,"Butler, NE"
1255,184,31,025,31025,"Cass, NE"
1256,4,31,027,31027,"Cedar, NE"
1257,0,31,029,31029,"Chase, NE"
1258,3,31,033,31033,"Cheyenne, NE"
1259,0,31,035,31035,"Clay, NE"
1260,0,31,037,31037,"Colfax, NE"
1261,0,31,039,31039,"Cuming, NE"
1262,0,31,043,31043,"Dakota, NE"
1263,0,31,045,31045,"Dawes, NE"
1264,0,31,047,31047,"Dawson, NE"
1265,8,31,053,31053,"Dodge, NE"
1266,30,31,055,31055,"Douglas, NE"
1267,0,31,057,31057,"Dundy, NE"
1268,0,31,067,31067,"Gage, NE"
1269,0,31,071,31071,"Garfield, NE"
1270,16,31,079,31079,"Hall, NE"
1271,0,31,083,31083,"Harlan, NE"
1272,35,31,087,31087,"Hitchcock, NE"
1273,11,31,089,31089,"Holt, NE"
1274,21,31,093,31093,"Howard, NE"
1275,6,31,095,31095,"Jefferson, NE"
1276,0,31,101,31101,"Keith, NE"
1277,53,31,105,31105,"Kimball, NE"
1278,0,31,109,31109,"Lancaster, NE"
1279,0,31,111,31111,"Lincoln, NE"
1280,12,31,119,31119,"Madison, NE"
1281,0,31,121,31121,"Merrick, NE"
1282,0,31,123,31123,"Morrill, NE"
1283,0,31,125,31125,"Nance, NE"
1284,0,31,133,31133,"Pawnee, NE"
1285,0,31,137,31137,"Phelps, NE"
1286,0,31,141,31141,"Platte, NE"
1287,66,31,145,31145,"Red Willow, NE"
1288,5,31,147,31147,"Richardson, NE"
1289,49,31,153,31153,"Sarpy, NE"
1290,0,31,155,31155,"Saunders, NE"
1291,0,31,157,31157,"Scotts Bluff, NE"
1292,0,31,161,31161,"Sheridan, NE"
1293,0,31,167,31167,"Stanton, NE"
1294,0,31,169,31169,"Thayer, NE"
1295,0,31,171,31171,"Thomas, NE"
1296,0,31,175,31175,"Valley, NE"
1297,0,31,177,31177,"Washington, NE"
1298,0,31,181,31181,"Webster, NE"
1299,0,31,185,31185,"York, NE"
1300,14,32,001,32001,"Churchill, NV"
1301,215,32,003,32003,"Clark, NV"
1302,0,32,005,32005,"Douglas, NV"
1303,4352,32,007,32007,"Elko, NV"
1304,166,32,009,32009,"Esmeralda, NV"
1305,2893,32,011,32011,"Eureka, NV"
1306,2097,32,013,32013,"Humboldt, NV"
1307,731,32,015,32015,"Lander, NV"
1308,0,32,017,32017,"Lincoln, NV"
1309,157,32,019,32019,"Lyon, NV"
1310,70,32,021,32021,"Mineral, NV"
1311,1105,32,023,32023,"Nye, NV"
1312,558,32,027,32027,"Pershing, NV"
1313,61,32,029,32029,"Storey, NV"
1314,218,32,031,32031,"Washoe, NV"
1315,1141,32,033,32033,"White Pine, NV"
1316,0,32,510,32510,"Carson City, NV"
1317,49,33,001,33001,"Belknap, NH"
1318,0,33,003,33003,"Carroll, NH"
1319,0,33,005,33005,"Cheshire, NH"
1320,9,33,007,33007,"Coos, NH"
1321,35,33,009,33009,"Grafton, NH"
1322,48,33,011,33011,"Hillsborough, NH"
1323,101,33,013,33013,"Merrimack, NH"
1324,132,33,015,33015,"Rockingham, NH"
1325,19,33,017,33017,"Strafford, NH"
1326,0,33,019,33019,"Sullivan, NH"
1327,0,34,001,34001,"Atlantic, NJ"
1328,32,34,003,34003,"Bergen, NJ"
1329,0,34,005,34005,"Burlington, NJ"
1330,27,34,007,34007,"Camden, NJ"
1331,16,34,009,34009,"Cape May, NJ"
1332,135,34,011,34011,"Cumberland, NJ"
1333,0,34,013,34013,"Essex, NJ"
1334,64,34,015,34015,"Gloucester, NJ"
1335,75,34,017,34017,"Hudson, NJ"
1336,40,34,019,34019,"Hunterdon, NJ"
1337,23,34,021,34021,"Mercer, NJ"
1338,73,34,023,34023,"Middlesex, NJ"
1339,63,34,025,34025,"Monmouth, NJ"
1340,0,34,027,34027,"Morris, NJ"
1341,89,34,029,34029,"Ocean, NJ"
1342,112,34,031,34031,"Passaic, NJ"
1343,235,34,035,34035,"Somerset, NJ"
1344,24,34,037,34037,"Sussex, NJ"
1345,0,34,039,34039,"Union, NJ"
1346,48,34,041,34041,"Warren, NJ"
1347,171,35,001,35001,"Bernalillo, NM"
1348,0,35,003,35003,"Catron, NM"
1349,467,35,005,35005,"Chaves, NM"
1350,553,35,006,35006,"Cibola, NM"
1351,62,35,007,35007,"Colfax, NM"
1352,0,35,009,35009,"Curry, NM"
1353,0,35,011,35011,"De Baca, NM"
1354,24,35,013,35013,"Doña Ana, NM"
1355,5283,35,015,35015,"Eddy, NM"
1356,1596,35,017,35017,"Grant, NM"
1357,0,35,021,35021,"Harding, NM"
1358,6545,35,025,35025,"Lea, NM"
1359,265,35,027,35027,"Lincoln, NM"
1360,0,35,028,35028,"Los Alamos, NM"
1361,0,35,029,35029,"Luna, NM"
1362,46,35,031,35031,"McKinley, NM"
1363,0,35,033,35033,"Mora, NM"
1364,50,35,035,35035,"Otero, NM"
1365,74,35,039,35039,"Rio Arriba, NM"
1366,0,35,041,35041,"Roosevelt, NM"
1367,94,35,043,35043,"Sandoval, NM"
1368,5768,35,045,35045,"San Juan, NM"
1369,6,35,047,35047,"San Miguel, NM"
1370,94,35,049,35049,"Santa Fe, NM"
1371,0,35,051,35051,"Sierra, NM"
1372,0,35,053,35053,"Socorro, NM"
1373,394,35,055,35055,"Taos, NM"
1374,0,35,057,35057,"Torrance, NM"
1375,0,35,059,35059,"Union, NM"
1376,31,35,061,35061,"Valencia, NM"
1377,0,36,001,36001,"Albany, NY"
1378,20,36,003,36003,"Allegany, NY"
1379,9,36,005,36005,"Bronx, NY"
1380,19,36,007,36007,"Broome, NY"
1381,99,36,009,36009,"Cattaraugus, NY"
1382,0,36,011,36011,"Cayuga, NY"
1383,156,36,013,36013,"Chautauqua, NY"
1384,456,36,015,36015,"Chemung, NY"
1385,0,36,017,36017,"Chenango, NY"
1386,28,36,019,36019,"Clinton, NY"
1387,28,36,021,36021,"Columbia, NY"
1388,7,36,023,36023,"Cortland, NY"
1389,117,36,025,36025,"Delaware, NY"
1390,162,36,027,36027,"Dutchess, NY"
1391,257,36,029,36029,"Erie, NY"
1392,0,36,031,36031,"Essex, NY"
1393,0,36,033,36033,"Franklin, NY"
1394,20,36,035,36035,"Fulton, NY"
1395,33,36,037,36037,"Genesee, NY"
1396,0,36,039,36039,"Greene, NY"
1397,0,36,041,36041,"Hamilton, NY"
1398,31,36,043,36043,"Herkimer, NY"
1399,31,36,045,36045,"Jefferson, NY"
1400,0,36,047,36047,"Kings, NY"
1401,0,36,049,36049,"Lewis, NY"
1402,198,36,051,36051,"Livingston, NY"
1403,0,36,053,36053,"Madison, NY"
1404,87,36,055,36055,"Monroe, NY"
1405,0,36,057,36057,"Montgomery, NY"
1406,9,36,059,36059,"Nassau, NY"
1407,36,36,061,36061,"New York, NY"
1408,0,36,063,36063,"Niagara, NY"
1409,129,36,065,36065,"Oneida, NY"
1410,134,36,067,36067,"Onondaga, NY"
1411,45,36,069,36069,"Ontario, NY"
1412,51,36,071,36071,"Orange, NY"
1413,26,36,073,36073,"Orleans, NY"
1414,0,36,075,36075,"Oswego, NY"
1415,0,36,077,36077,"Otsego, NY"
1416,70,36,083,36083,"Rensselaer, NY"
1417,119,36,087,36087,"Rockland, NY"
1418,56,36,089,36089,"St. Lawrence, NY"
1419,113,36,091,36091,"Saratoga, NY"
1420,135,36,093,36093,"Schenectady, NY"
1421,18,36,095,36095,"Schoharie, NY"
1422,49,36,097,36097,"Schuyler, NY"
1423,85,36,101,36101,"Steuben, NY"
1424,158,36,103,36103,"Suffolk, NY"
1425,76,36,105,36105,"Sullivan, NY"
1426,68,36,107,36107,"Tioga, NY"
1427,319,36,109,36109,"Tompkins, NY"
1428,78,36,111,36111,"Ulster, NY"
1429,0,36,113,36113,"Warren, NY"
1430,69,36,115,36115,"Washington, NY"
1431,31,36,117,36117,"Wayne, NY"
1432,4,36,119,36119,"Westchester, NY"
1433,0,36,121,36121,"Wyoming, NY"
1434,48,37,001,37001,"Alamance, NC"
1435,0,37,003,37003,"Alexander, NC"
1436,0,37,005,37005,"Alleghany, NC"
1437,0,37,007,37007,"Anson, NC"
1438,0,37,009,37009,"Ashe, NC"
1439,0,37,011,37011,"Avery, NC"
1440,0,37,015,37015,"Bertie, NC"
1441,3,37,019,37019,"Brunswick, NC"
1442,106,37,021,37021,"Buncombe, NC"
1443,0,37,023,37023,"Burke, NC"
1444,0,37,025,37025,"Cabarrus, NC"
1445,0,37,027,37027,"Caldwell, NC"
1446,22,37,033,37033,"Caswell, NC"
1447,24,37,035,37035,"Catawba, NC"
1448,0,37,037,37037,"Chatham, NC"
1449,0,37,039,37039,"Cherokee, NC"
1450,0,37,043,37043,"Clay, NC"
1451,0,37,045,37045,"Cleveland, NC"
1452,47,37,049,37049,"Craven, NC"
1453,0,37,051,37051,"Cumberland, NC"
1454,0,37,053,37053,"Currituck, NC"
1455,0,37,055,37055,"Dare, NC"
1456,36,37,057,37057,"Davidson, NC"
1457,24,37,059,37059,"Davie, NC"
1458,0,37,061,37061,"Duplin, NC"
1459,0,37,063,37063,"Durham, NC"
1460,23,37,065,37065,"Edgecombe, NC"
1461,0,37,067,37067,"Forsyth, NC"
1462,0,37,069,37069,"Franklin, NC"
1463,27,37,071,37071,"Gaston, NC"
1464,0,37,077,37077,"Granville, NC"
1465,97,37,081,37081,"Guilford, NC"
1466,55,37,085,37085,"Harnett, NC"
1467,0,37,087,37087,"Haywood, NC"
1468,0,37,089,37089,"Henderson, NC"
1469,0,37,093,37093,"Hoke, NC"
1470,23,37,097,37097,"Iredell, NC"
1471,0,37,099,37099,"Jackson, NC"
1472,59,37,101,37101,"Johnston, NC"
1473,0,37,105,37105,"Lee, NC"
1474,0,37,107,37107,"Lenoir, NC"
1475,0,37,109,37109,"Lincoln, NC"
1476,66,37,111,37111,"McDowell, NC"
1477,88,37,113,37113,"Macon, NC"
1478,0,37,115,37115,"Madison, NC"
1479,162,37,119,37119,"Mecklenburg, NC"
1480,356,37,121,37121,"Mitchell, NC"
1481,0,37,125,37125,"Moore, NC"
1482,0,37,127,37127,"Nash, NC"
1483,0,37,129,37129,"New Hanover, NC"
1484,24,37,133,37133,"Onslow, NC"
1485,31,37,135,37135,"Orange, NC"
1486,33,37,141,37141,"Pender, NC"
1487,17,37,147,37147,"Pitt, NC"
1488,39,37,151,37151,"Randolph, NC"
1489,88,37,153,37153,"Richmond, NC"
1490,0,37,157,37157,"Rockingham, NC"
1491,179,37,159,37159,"Rowan, NC"
1492,0,37,161,37161,"Rutherford, NC"
1493,0,37,167,37167,"Stanly, NC"
1494,52,37,171,37171,"Surry, NC"
1495,0,37,175,37175,"Transylvania, NC"
1496,20,37,179,37179,"Union, NC"
1497,0,37,181,37181,"Vance, NC"
1498,326,37,183,37183,"Wake, NC"
1499,38,37,189,37189,"Watauga, NC"
1500,0,37,191,37191,"Wayne, NC"
1501,15,37,193,37193,"Wilkes, NC"
1502,0,37,195,37195,"Wilson, NC"
1503,0,37,199,37199,"Yancey, NC"
1504,40,38,001,38001,"Adams, ND"
1505,0,38,003,38003,"Barnes, ND"
1506,72,38,007,38007,"Billings, ND"
1507,291,38,009,38009,"Bottineau, ND"
1508,171,38,011,38011,"Bowman, ND"
1509,127,38,013,38013,"Burke, ND"
1510,72,38,015,38015,"Burleigh, ND"
1511,0,38,017,38017,"Cass, ND"
1512,0,38,019,38019,"Cavalier, ND"
1513,58,38,023,38023,"Divide, ND"
1514,1074,38,025,38025,"Dunn, ND"
1515,0,38,033,38033,"Golden Valley, ND"
1516,106,38,035,38035,"Grand Forks, ND"
1517,0,38,043,38043,"Kidder, ND"
1518,0,38,049,38049,"McHenry, ND"
1519,968,38,053,38053,"McKenzie, ND"
1520,401,38,055,38055,"McLean, ND"
1521,557,38,057,38057,"Mercer, ND"
1522,35,38,059,38059,"Morton, ND"
1523,769,38,061,38061,"Mountrail, ND"
1524,0,38,065,38065,"Oliver, ND"
1525,0,38,067,38067,"Pembina, ND"
1526,0,38,071,38071,"Ramsey, ND"
1527,0,38,073,38073,"Ransom, ND"
1528,124,38,075,38075,"Renville, ND"
1529,0,38,077,38077,"Richland, ND"
1530,0,38,079,38079,"Rolette, ND"
1531,0,38,081,38081,"Sargent, ND"
1532,0,38,087,38087,"Slope, ND"
1533,3435,38,089,38089,"Stark, ND"
1534,0,38,097,38097,"Traill, ND"
1535,13,38,099,38099,"Walsh, ND"
1536,1437,38,101,38101,"Ward, ND"
1537,0,38,103,38103,"Wells, ND"
1538,11059,38,105,38105,"Williams, ND"
1539,0,39,001,39001,"Adams, OH"
1540,0,39,003,39003,"Allen, OH"
1541,25,39,005,39005,"Ashland, OH"
1542,163,39,007,39007,"Ashtabula, OH"
1543,305,39,009,39009,"Athens, OH"
1544,0,39,011,39011,"Auglaize, OH"
1545,1879,39,013,39013,"Belmont, OH"
1546,0,39,015,39015,"Brown, OH"
1547,148,39,017,39017,"Butler, OH"
1548,129,39,019,39019,"Carroll, OH"
1549,0,39,021,39021,"Champaign, OH"
1550,30,39,023,39023,"Clark, OH"
1551,33,39,025,39025,"Clermont, OH"
1552,0,39,027,39027,"Clinton, OH"
1553,121,39,029,39029,"Columbiana, OH"
1554,140,39,031,39031,"Coshocton, OH"
1555,0,39,033,39033,"Crawford, OH"
1556,329,39,035,39035,"Cuyahoga, OH"
1557,0,39,037,39037,"Darke, OH"
1558,0,39,041,39041,"Delaware, OH"
1559,91,39,043,39043,"Erie, OH"
1560,50,39,045,39045,"Fairfield, OH"
1561,271,39,049,39049,"Franklin, OH"
1562,60,39,055,39055,"Geauga, OH"
1563,71,39,057,39057,"Greene, OH"
1564,136,39,059,39059,"Guernsey, OH"
1565,104,39,061,39061,"Hamilton, OH"
1566,1687,39,063,39063,"Hancock, OH"
1567,583,39,067,39067,"Harrison, OH"
1568,0,39,069,39069,"Henry, OH"
1569,40,39,071,39071,"Highland, OH"
1570,173,39,073,39073,"Hocking, OH"
1571,98,39,075,39075,"Holmes, OH"
1572,229,39,079,39079,"Jackson, OH"
1573,284,39,081,39081,"Jefferson, OH"
1574,89,39,083,39083,"Knox, OH"
1575,234,39,085,39085,"Lake, OH"
1576,0,39,087,39087,"Lawrence, OH"
1577,149,39,089,39089,"Licking, OH"
1578,24,39,091,39091,"Logan, OH"
1579,8,39,093,39093,"Lorain, OH"
1580,87,39,095,39095,"Lucas, OH"
1581,245,39,099,39099,"Mahoning, OH"
1582,0,39,101,39101,"Marion, OH"
1583,24,39,103,39103,"Medina, OH"
1584,217,39,105,39105,"Meigs, OH"
1585,0,39,107,39107,"Mercer, OH"
1586,36,39,109,39109,"Miami, OH"
1587,76,39,111,39111,"Monroe, OH"
1588,21,39,113,39113,"Montgomery, OH"
1589,13,39,115,39115,"Morgan, OH"
1590,12,39,117,39117,"Morrow, OH"
1591,382,39,119,39119,"Muskingum, OH"
1592,172,39,121,39121,"Noble, OH"
1593,0,39,123,39123,"Ottawa, OH"
1594,13,39,125,39125,"Paulding, OH"
1595,136,39,127,39127,"Perry, OH"
1596,15,39,129,39129,"Pickaway, OH"
1597,0,39,131,39131,"Pike, OH"
1598,170,39,133,39133,"Portage, OH"
1599,41,39,135,39135,"Preble, OH"
1600,0,39,137,39137,"Putnam, OH"
1601,19,39,139,39139,"Richland, OH"
1602,25,39,141,39141,"Ross, OH"
1603,0,39,143,39143,"Sandusky, OH"
1604,0,39,145,39145,"Scioto, OH"
1605,135,39,147,39147,"Seneca, OH"
1606,245,39,151,39151,"Stark, OH"
1607,61,39,153,39153,"Summit, OH"
1608,113,39,155,39155,"Trumbull, OH"
1609,596,39,157,39157,"Tuscarawas, OH"
1610,0,39,159,39159,"Union, OH"
1611,0,39,161,39161,"Van Wert, OH"
1612,0,39,163,39163,"Vinton, OH"
1613,17,39,165,39165,"Warren, OH"
1614,399,39,167,39167,"Washington, OH"
1615,375,39,169,39169,"Wayne, OH"
1616,19,39,171,39171,"Williams, OH"
1617,37,39,173,39173,"Wood, OH"
1618,110,39,175,39175,"Wyandot, OH"
1619,176,40,003,40003,"Alfalfa, OK"
1620,68,40,005,40005,"Atoka, OK"
1621,359,40,007,40007,"Beaver, OK"
1622,1947,40,009,40009,"Beckham, OK"
1623,84,40,011,40011,"Blaine, OK"
1624,22,40,013,40013,"Bryan, OK"
1625,204,40,015,40015,"Caddo, OK"
1626,2394,40,017,40017,"Canadian, OK"
1627,1333,40,019,40019,"Carter, OK"
1628,39,40,021,40021,"Cherokee, OK"
1629,83,40,023,40023,"Choctaw, OK"
1630,0,40,025,40025,"Cimarron, OK"
1631,547,40,027,40027,"Cleveland, OK"
1632,67,40,029,40029,"Coal, OK"
1633,114,40,031,40031,"Comanche, OK"
1634,14,40,033,40033,"Cotton, OK"
1635,0,40,035,40035,"Craig, OK"
1636,613,40,037,40037,"Creek, OK"
1637,994,40,039,40039,"Custer, OK"
1638,154,40,043,40043,"Dewey, OK"
1639,8,40,045,40045,"Ellis, OK"
1640,1350,40,047,40047,"Garfield, OK"
1641,879,40,049,40049,"Garvin, OK"
1642,756,40,051,40051,"Grady, OK"
1643,131,40,053,40053,"Grant, OK"
1644,0,40,055,40055,"Greer, OK"
1645,62,40,059,40059,"Harper, OK"
1646,337,40,061,40061,"Haskell, OK"
1647,253,40,063,40063,"Hughes, OK"
1648,3,40,065,40065,"Jackson, OK"
1649,25,40,067,40067,"Jefferson, OK"
1650,202,40,069,40069,"Johnston, OK"
1651,371,40,071,40071,"Kay, OK"
1652,857,40,073,40073,"Kingfisher, OK"
1653,72,40,075,40075,"Kiowa, OK"
1654,148,40,077,40077,"Latimer, OK"
1655,1019,40,079,40079,"Le Flore, OK"
1656,480,40,081,40081,"Lincoln, OK"
1657,174,40,083,40083,"Logan, OK"
1658,26,40,085,40085,"Love, OK"
1659,311,40,087,40087,"McClain, OK"
1660,18,40,089,40089,"McCurtain, OK"
1661,50,40,091,40091,"McIntosh, OK"
1662,423,40,093,40093,"Major, OK"
1663,28,40,095,40095,"Marshall, OK"
1664,107,40,097,40097,"Mayes, OK"
1665,86,40,099,40099,"Murray, OK"
1666,129,40,101,40101,"Muskogee, OK"
1667,49,40,103,40103,"Noble, OK"
1668,42,40,105,40105,"Nowata, OK"
1669,53,40,107,40107,"Okfuskee, OK"
1670,15172,40,109,40109,"Oklahoma, OK"
1671,100,40,111,40111,"Okmulgee, OK"
1672,1518,40,113,40113,"Osage, OK"
1673,40,40,115,40115,"Ottawa, OK"
1674,216,40,117,40117,"Pawnee, OK"
1675,1336,40,119,40119,"Payne, OK"
1676,995,40,121,40121,"Pittsburg, OK"
1677,335,40,123,40123,"Pontotoc, OK"
1678,429,40,125,40125,"Pottawatomie, OK"
1679,0,40,127,40127,"Pushmataha, OK"
1680,82,40,129,40129,"Roger Mills, OK"
1681,281,40,131,40131,"Rogers, OK"
1682,772,40,133,40133,"Seminole, OK"
1683,83,40,135,40135,"Sequoyah, OK"
1684,2470,40,137,40137,"Stephens, OK"
1685,189,40,139,40139,"Texas, OK"
1686,0,40,141,40141,"Tillman, OK"
1687,5454,40,143,40143,"Tulsa, OK"
1688,57,40,145,40145,"Wagoner, OK"
1689,3898,40,147,40147,"Washington, OK"
1690,259,40,149,40149,"Washita, OK"
1691,441,40,151,40151,"Woods, OK"
1692,2131,40,153,40153,"Woodward, OK"
1693,13,41,001,41001,"Baker, OR"
1694,0,41,003,41003,"Benton, OR"
1695,32,41,005,41005,"Clackamas, OR"
1696,0,41,007,41007,"Clatsop, OR"
1697,60,41,009,41009,"Columbia, OR"
1698,98,41,011,41011,"Coos, OR"
1699,17,41,013,41013,"Crook, OR"
1700,0,41,015,41015,"Curry, OR"
1701,33,41,017,41017,"Deschutes, OR"
1702,117,41,019,41019,"Douglas, OR"
1703,0,41,027,41027,"Hood River, OR"
1704,77,41,029,41029,"Jackson, OR"
1705,0,41,031,41031,"Jefferson, OR"
1706,0,41,033,41033,"Josephine, OR"
1707,0,41,035,41035,"Klamath, OR"
1708,0,41,037,41037,"Lake, OR"
1709,166,41,039,41039,"Lane, OR"
1710,0,41,041,41041,"Lincoln, OR"
1711,23,41,043,41043,"Linn, OR"
1712,0,41,045,41045,"Malheur, OR"
1713,244,41,047,41047,"Marion, OR"
1714,0,41,049,41049,"Morrow, OR"
1715,39,41,051,41051,"Multnomah, OR"
1716,12,41,053,41053,"Polk, OR"
1717,37,41,059,41059,"Umatilla, OR"
1718,0,41,065,41065,"Wasco, OR"
1719,267,41,067,41067,"Washington, OR"
1720,33,41,071,41071,"Yamhill, OR"
1721,15,42,001,42001,"Adams, PA"
1722,1894,42,003,42003,"Allegheny, PA"
1723,1383,42,005,42005,"Armstrong, PA"
1724,75,42,007,42007,"Beaver, PA"
1725,57,42,009,42009,"Bedford, PA"
1726,157,42,011,42011,"Berks, PA"
1727,1061,42,013,42013,"Blair, PA"
1728,1317,42,015,42015,"Bradford, PA"
1729,141,42,017,42017,"Bucks, PA"
1730,365,42,019,42019,"Butler, PA"
1731,467,42,021,42021,"Cambria, PA"
1732,0,42,023,42023,"Cameron, PA"
1733,15,42,025,42025,"Carbon, PA"
1734,156,42,027,42027,"Centre, PA"
1735,592,42,029,42029,"Chester, PA"
1736,768,42,031,42031,"Clarion, PA"
1737,811,42,033,42033,"Clearfield, PA"
1738,312,42,035,42035,"Clinton, PA"
1739,24,42,037,42037,"Columbia, PA"
1740,330,42,039,42039,"Crawford, PA"
1741,110,42,041,42041,"Cumberland, PA"
1742,136,42,043,42043,"Dauphin, PA"
1743,86,42,045,42045,"Delaware, PA"
1744,181,42,047,42047,"Elk, PA"
1745,78,42,049,42049,"Erie, PA"
1746,923,42,051,42051,"Fayette, PA"
1747,97,42,053,42053,"Forest, PA"
1748,49,42,055,42055,"Franklin, PA"
1749,186,42,057,42057,"Fulton, PA"
1750,3382,42,059,42059,"Greene, PA"
1751,71,42,061,42061,"Huntingdon, PA"
1752,3489,42,063,42063,"Indiana, PA"
1753,1028,42,065,42065,"Jefferson, PA"
1754,79,42,069,42069,"Lackawanna, PA"
1755,322,42,071,42071,"Lancaster, PA"
1756,177,42,073,42073,"Lawrence, PA"
1757,187,42,077,42077,"Lehigh, PA"
1758,454,42,079,42079,"Luzerne, PA"
1759,1916,42,081,42081,"Lycoming, PA"
1760,1502,42,083,42083,"McKean, PA"
1761,223,42,085,42085,"Mercer, PA"
1762,43,42,089,42089,"Monroe, PA"
1763,168,42,091,42091,"Montgomery, PA"
1764,0,42,093,42093,"Montour, PA"
1765,16,42,095,42095,"Northampton, PA"
1766,161,42,097,42097,"Northumberland, PA"
1767,0,42,099,42099,"Perry, PA"
1768,0,42,101,42101,"Philadelphia, PA"
1769,18,42,103,42103,"Pike, PA"
1770,52,42,105,42105,"Potter, PA"
1771,571,42,107,42107,"Schuylkill, PA"
1772,0,42,109,42109,"Snyder, PA"
1773,1276,42,111,42111,"Somerset, PA"
1774,55,42,113,42113,"Sullivan, PA"
1775,657,42,115,42115,"Susquehanna, PA"
1776,625,42,117,42117,"Tioga, PA"
1777,0,42,119,42119,"Union, PA"
1778,144,42,121,42121,"Venango, PA"
1779,191,42,123,42123,"Warren, PA"
1780,3344,42,125,42125,"Washington, PA"
1781,80,42,127,42127,"Wayne, PA"
1782,708,42,129,42129,"Westmoreland, PA"
1783,220,42,131,42131,"Wyoming, PA"
1784,148,42,133,42133,"York, PA"
1785,0,44,003,44003,"Kent, RI"
1786,0,44,005,44005,"Newport, RI"
1787,76,44,007,44007,"Providence, RI"
1788,34,44,009,44009,"Washington, RI"
1789,118,45,003,45003,"Aiken, SC"
1790,37,45,007,45007,"Anderson, SC"
1791,162,45,015,45015,"Berkeley, SC"
1792,16,45,019,45019,"Charleston, SC"
1793,0,45,021,45021,"Cherokee, SC"
1794,93,45,025,45025,"Chesterfield, SC"
1795,0,45,029,45029,"Colleton, SC"
1796,0,45,035,45035,"Dorchester, SC"
1797,0,45,037,45037,"Edgefield, SC"
1798,0,45,039,45039,"Fairfield, SC"
1799,19,45,041,45041,"Florence, SC"
1800,46,45,043,45043,"Georgetown, SC"
1801,45,45,045,45045,"Greenville, SC"
1802,15,45,047,45047,"Greenwood, SC"
1803,21,45,051,45051,"Horry, SC"
1804,154,45,055,45055,"Kershaw, SC"
1805,0,45,057,45057,"Lancaster, SC"
1806,0,45,059,45059,"Laurens, SC"
1807,130,45,063,45063,"Lexington, SC"
1808,0,45,067,45067,"Marion, SC"
1809,0,45,069,45069,"Marlboro, SC"
1810,0,45,073,45073,"Oconee, SC"
1811,0,45,077,45077,"Pickens, SC"
1812,77,45,079,45079,"Richland, SC"
1813,128,45,083,45083,"Spartanburg, SC"
1814,0,45,087,45087,"Union, SC"
1815,59,45,091,45091,"York, SC"
1816,0,46,005,46005,"Beadle, SD"
1817,34,46,011,46011,"Brookings, SD"
1818,0,46,013,46013,"Brown, SD"
1819,0,46,015,46015,"Brule, SD"
1820,0,46,019,46019,"Butte, SD"
1821,12,46,029,46029,"Codington, SD"
1822,50,46,033,46033,"Custer, SD"
1823,0,46,041,46041,"Dewey, SD"
1824,0,46,043,46043,"Douglas, SD"
1825,7,46,047,46047,"Fall River, SD"
1826,42,46,051,46051,"Grant, SD"
1827,0,46,053,46053,"Gregory, SD"
1828,0,46,061,46061,"Hanson, SD"
1829,45,46,063,46063,"Harding, SD"
1830,0,46,079,46079,"Lake, SD"
1831,209,46,081,46081,"Lawrence, SD"
1832,0,46,091,46091,"Marshall, SD"
1833,0,46,093,46093,"Meade, SD"
1834,0,46,099,46099,"Minnehaha, SD"
1835,46,46,103,46103,"Pennington, SD"
1836,0,46,109,46109,"Roberts, SD"
1837,0,46,117,46117,"Stanley, SD"
1838,0,46,125,46125,"Turner, SD"
1839,0,46,129,46129,"Walworth, SD"
1840,0,46,135,46135,"Yankton, SD"
1841,176,47,001,47001,"Anderson, TN"
1842,0,47,003,47003,"Bedford, TN"
1843,0,47,005,47005,"Benton, TN"
1844,0,47,007,47007,"Bledsoe, TN"
1845,0,47,009,47009,"Blount, TN"
1846,0,47,011,47011,"Bradley, TN"
1847,37,47,013,47013,"Campbell, TN"
1848,0,47,015,47015,"Cannon, TN"
1849,0,47,019,47019,"Carter, TN"
1850,216,47,025,47025,"Claiborne, TN"
1851,0,47,027,47027,"Clay, TN"
1852,0,47,029,47029,"Cocke, TN"
1853,124,47,035,47035,"Cumberland, TN"
1854,145,47,037,47037,"Davidson, TN"
1855,0,47,039,47039,"Decatur, TN"
1856,0,47,041,47041,"DeKalb, TN"
1857,0,47,043,47043,"Dickson, TN"
1858,0,47,047,47047,"Fayette, TN"
1859,0,47,049,47049,"Fentress, TN"
1860,90,47,051,47051,"Franklin, TN"
1861,0,47,055,47055,"Giles, TN"
1862,0,47,057,47057,"Grainger, TN"
1863,0,47,059,47059,"Greene, TN"
1864,0,47,061,47061,"Grundy, TN"
1865,0,47,063,47063,"Hamblen, TN"
1866,30,47,065,47065,"Hamilton, TN"
1867,42,47,071,47071,"Hardin, TN"
1868,55,47,073,47073,"Hawkins, TN"
1869,0,47,079,47079,"Henry, TN"
1870,0,47,089,47089,"Jefferson, TN"
1871,0,47,091,47091,"Johnson, TN"
1872,119,47,093,47093,"Knox, TN"
1873,0,47,099,47099,"Lawrence, TN"
1874,0,47,103,47103,"Lincoln, TN"
1875,0,47,105,47105,"Loudon, TN"
1876,0,47,107,47107,"McMinn, TN"
1877,0,47,109,47109,"McNairy, TN"
1878,0,47,113,47113,"Madison, TN"
1879,8,47,115,47115,"Marion, TN"
1880,0,47,117,47117,"Marshall, TN"
1881,0,47,119,47119,"Maury, TN"
1882,0,47,121,47121,"Meigs, TN"
1883,328,47,125,47125,"Montgomery, TN"
1884,0,47,127,47127,"Moore, TN"
1885,11,47,129,47129,"Morgan, TN"
1886,60,47,133,47133,"Overton, TN"
1887,0,47,135,47135,"Perry, TN"
1888,0,47,137,47137,"Pickett, TN"
1889,0,47,139,47139,"Polk, TN"
1890,32,47,141,47141,"Putnam, TN"
1891,29,47,143,47143,"Rhea, TN"
1892,0,47,145,47145,"Roane, TN"
1893,8,47,147,47147,"Robertson, TN"
1894,27,47,149,47149,"Rutherford, TN"
1895,47,47,151,47151,"Scott, TN"
1896,75,47,153,47153,"Sequatchie, TN"
1897,0,47,155,47155,"Sevier, TN"
1898,20,47,157,47157,"Shelby, TN"
1899,384,47,159,47159,"Smith, TN"
1900,42,47,163,47163,"Sullivan, TN"
1901,0,47,165,47165,"Sumner, TN"
1902,0,47,167,47167,"Tipton, TN"
1903,0,47,171,47171,"Unicoi, TN"
1904,0,47,173,47173,"Union, TN"
1905,14,47,179,47179,"Washington, TN"
1906,0,47,181,47181,"Wayne, TN"
1907,159,47,183,47183,"Weakley, TN"
1908,0,47,185,47185,"White, TN"
1909,44,47,187,47187,"Williamson, TN"
1910,40,47,189,47189,"Wilson, TN"
1911,618,48,001,48001,"Anderson, TX"
1912,2014,48,003,48003,"Andrews, TX"
1913,98,48,005,48005,"Angelina, TX"
1914,295,48,007,48007,"Aransas, TX"
1915,321,48,009,48009,"Archer, TX"
1916,0,48,011,48011,"Armstrong, TX"
1917,448,48,013,48013,"Atascosa, TX"
1918,88,48,015,48015,"Austin, TX"
1919,0,48,019,48019,"Bandera, TX"
1920,61,48,021,48021,"Bastrop, TX"
1921,479,48,025,48025,"Bee, TX"
1922,106,48,027,48027,"Bell, TX"
1923,1807,48,029,48029,"Bexar, TX"
1924,0,48,031,48031,"Blanco, TX"
1925,0,48,033,48033,"Borden, TX"
1926,0,48,035,48035,"Bosque, TX"
1927,10,48,037,48037,"Bowie, TX"
1928,1381,48,039,48039,"Brazoria, TX"
1929,1510,48,041,48041,"Brazos, TX"
1930,15,48,043,48043,"Brewster, TX"
1931,221,48,047,48047,"Brooks, TX"
1932,86,48,049,48049,"Brown, TX"
1933,583,48,051,48051,"Burleson, TX"
1934,84,48,053,48053,"Burnet, TX"
1935,282,48,055,48055,"Caldwell, TX"
1936,71,48,057,48057,"Calhoun, TX"
1937,102,48,059,48059,"Callahan, TX"
1938,72,48,061,48061,"Cameron, TX"
1939,0,48,063,48063,"Camp, TX"
1940,23,48,065,48065,"Carson, TX"
1941,35,48,067,48067,"Cass, TX"
1942,0,48,069,48069,"Castro, TX"
1943,159,48,071,48071,"Chambers, TX"
1944,42,48,073,48073,"Cherokee, TX"
1945,0,48,075,48075,"Childress, TX"
1946,9,48,077,48077,"Clay, TX"
1947,8,48,079,48079,"Cochran, TX"
1948,34,48,081,48081,"Coke, TX"
1949,15,48,083,48083,"Coleman, TX"
1950,1824,48,085,48085,"Collin, TX"
1951,187,48,089,48089,"Colorado, TX"
1952,480,48,091,48091,"Comal, TX"
1953,14,48,093,48093,"Comanche, TX"
1954,0,48,095,48095,"Concho, TX"
1955,2817,48,097,48097,"Cooke, TX"
1956,0,48,099,48099,"Coryell, TX"
1957,498,48,103,48103,"Crane, TX"
1958,223,48,105,48105,"Crockett, TX"
1959,7,48,107,48107,"Crosby, TX"
1960,50,48,109,48109,"Culberson, TX"
1961,8264,48,113,48113,"Dallas, TX"
1962,219,48,115,48115,"Dawson, TX"
1963,0,48,117,48117,"Deaf Smith, TX"
1964,1283,48,121,48121,"Denton, TX"
1965,422,48,123,48123,"DeWitt, TX"
1966,0,48,125,48125,"Dickens, TX"
1967,1348,48,127,48127,"Dimmit, TX"
1968,0,48,129,48129,"Donley, TX"
1969,608,48,131,48131,"Duval, TX"
1970,501,48,133,48133,"Eastland, TX"
1971,9105,48,135,48135,"Ector, TX"
1972,0,48,137,48137,"Edwards, TX"
1973,22,48,139,48139,"Ellis, TX"
1974,84,48,141,48141,"El Paso, TX"
1975,20,48,143,48143,"Erath, TX"
1976,0,48,145,48145,"Falls, TX"
1977,42,48,147,48147,"Fannin, TX"
1978,593,48,149,48149,"Fayette, TX"
1979,0,48,151,48151,"Fisher, TX"
1980,0,48,153,48153,"Floyd, TX"
1981,3561,48,157,48157,"Fort Bend, TX"
1982,0,48,159,48159,"Franklin, TX"
1983,628,48,161,48161,"Freestone, TX"
1984,438,48,163,48163,"Frio, TX"
1985,885,48,165,48165,"Gaines, TX"
1986,622,48,167,48167,"Galveston, TX"
1987,193,48,169,48169,"Garza, TX"
1988,29,48,171,48171,"Gillespie, TX"
1989,0,48,173,48173,"Glasscock, TX"
1990,25,48,175,48175,"Goliad, TX"
1991,223,48,177,48177,"Gonzales, TX"
1992,1314,48,179,48179,"Gray, TX"
1993,369,48,181,48181,"Grayson, TX"
1994,5039,48,183,48183,"Gregg, TX"
1995,55,48,185,48185,"Grimes, TX"
1996,55,48,187,48187,"Guadalupe, TX"
1997,11,48,189,48189,"Hale, TX"
1998,0,48,193,48193,"Hamilton, TX"
1999,190,48,195,48195,"Hansford, TX"
2000,4,48,197,48197,"Hardeman, TX"
2001,525,48,199,48199,"Hardin, TX"
2002,92040,48,201,48201,"Harris, TX"
2003,3196,48,203,48203,"Harrison, TX"
2004,49,48,207,48207,"Haskell, TX"
2005,46,48,209,48209,"Hays, TX"
2006,508,48,211,48211,"Hemphill, TX"
2007,79,48,213,48213,"Henderson, TX"
2008,2471,48,215,48215,"Hidalgo, TX"
2009,129,48,217,48217,"Hill, TX"
2010,1687,48,219,48219,"Hockley, TX"
2011,2247,48,221,48221,"Hood, TX"
2012,122,48,223,48223,"Hopkins, TX"
2013,143,48,225,48225,"Houston, TX"
2014,939,48,227,48227,"Howard, TX"
2015,0,48,229,48229,"Hudspeth, TX"
2016,0,48,231,48231,"Hunt, TX"
2017,1801,48,233,48233,"Hutchinson, TX"
2018,220,48,235,48235,"Irion, TX"
2019,657,48,237,48237,"Jack, TX"
2020,106,48,239,48239,"Jackson, TX"
2021,117,48,241,48241,"Jasper, TX"
2022,248,48,245,48245,"Jefferson, TX"
2023,53,48,247,48247,"Jim Hogg, TX"
2024,5177,48,249,48249,"Jim Wells, TX"
2025,2692,48,251,48251,"Johnson, TX"
2026,409,48,253,48253,"Jones, TX"
2027,298,48,255,48255,"Karnes, TX"
2028,41,48,257,48257,"Kaufman, TX"
2029,275,48,259,48259,"Kendall, TX"
2030,0,48,261,48261,"Kenedy, TX"
2031,0,48,263,48263,"Kent, TX"
2032,12,48,265,48265,"Kerr, TX"
2033,276,48,273,48273,"Kleberg, TX"
2034,126,48,275,48275,"Knox, TX"
2035,0,48,277,48277,"Lamar, TX"
2036,0,48,279,48279,"Lamb, TX"
2037,0,48,281,48281,"Lampasas, TX"
2038,900,48,283,48283,"La Salle, TX"
2039,724,48,285,48285,"Lavaca, TX"
2040,510,48,287,48287,"Lee, TX"
2041,550,48,289,48289,"Leon, TX"
2042,535,48,291,48291,"Liberty, TX"
2043,208,48,293,48293,"Limestone, TX"
2044,84,48,295,48295,"Lipscomb, TX"
2045,810,48,297,48297,"Live Oak, TX"
2046,14,48,299,48299,"Llano, TX"
2047,245,48,303,48303,"Lubbock, TX"
2048,231,48,307,48307,"McCulloch, TX"
2049,116,48,309,48309,"McLennan, TX"
2050,93,48,311,48311,"McMullen, TX"
2051,53,48,313,48313,"Madison, TX"
2052,0,48,315,48315,"Marion, TX"
2053,21,48,317,48317,"Martin, TX"
2054,69,48,319,48319,"Mason, TX"
2055,301,48,321,48321,"Matagorda, TX"
2056,47,48,323,48323,"Maverick, TX"
2057,266,48,325,48325,"Medina, TX"
2058,0,48,327,48327,"Menard, TX"
2059,17897,48,329,48329,"Midland, TX"
2060,261,48,331,48331,"Milam, TX"
2061,280,48,335,48335,"Mitchell, TX"
2062,790,48,337,48337,"Montague, TX"
2063,3899,48,339,48339,"Montgomery, TX"
2064,301,48,341,48341,"Moore, TX"
2065,0,48,343,48343,"Morris, TX"
2066,0,48,345,48345,"Motley, TX"
2067,32,48,347,48347,"Nacogdoches, TX"
2068,105,48,349,48349,"Navarro, TX"
2069,0,48,351,48351,"Newton, TX"
2070,210,48,353,48353,"Nolan, TX"
2071,4599,48,355,48355,"Nueces, TX"
2072,1573,48,357,48357,"Ochiltree, TX"
2073,0,48,359,48359,"Oldham, TX"
2074,299,48,361,48361,"Orange, TX"
2075,425,48,363,48363,"Palo Pinto, TX"
2076,1198,48,365,48365,"Panola, TX"
2077,2700,48,367,48367,"Parker, TX"
2078,768,48,371,48371,"Pecos, TX"
2079,85,48,373,48373,"Polk, TX"
2080,418,48,375,48375,"Potter, TX"
2081,0,48,377,48377,"Presidio, TX"
2082,0,48,379,48379,"Rains, TX"
2083,77,48,381,48381,"Randall, TX"
2084,497,48,383,48383,"Reagan, TX"
2085,0,48,385,48385,"Real, TX"
2086,48,48,387,48387,"Red River, TX"
2087,258,48,389,48389,"Reeves, TX"
2088,384,48,391,48391,"Refugio, TX"
2089,225,48,395,48395,"Robertson, TX"
2090,12,48,397,48397,"Rockwall, TX"
2091,69,48,399,48399,"Runnels, TX"
2092,1429,48,401,48401,"Rusk, TX"
2093,76,48,403,48403,"Sabine, TX"
2094,10,48,407,48407,"San Jacinto, TX"
2095,811,48,409,48409,"San Patricio, TX"
2096,32,48,411,48411,"San Saba, TX"
2097,209,48,413,48413,"Schleicher, TX"
2098,2026,48,415,48415,"Scurry, TX"
2099,592,48,417,48417,"Shackelford, TX"
2100,320,48,419,48419,"Shelby, TX"
2101,0,48,421,48421,"Sherman, TX"
2102,2177,48,423,48423,"Smith, TX"
2103,97,48,425,48425,"Somervell, TX"
2104,116,48,427,48427,"Starr, TX"
2105,401,48,429,48429,"Stephens, TX"
2106,54,48,431,48431,"Sterling, TX"
2107,62,48,433,48433,"Stonewall, TX"
2108,499,48,435,48435,"Sutton, TX"
2109,0,48,437,48437,"Swisher, TX"
2110,7671,48,439,48439,"Tarrant, TX"
2111,1444,48,441,48441,"Taylor, TX"
2112,23,48,443,48443,"Terrell, TX"
2113,440,48,445,48445,"Terry, TX"
2114,51,48,447,48447,"Throckmorton, TX"
2115,270,48,449,48449,"Titus, TX"
2116,1046,48,451,48451,"Tom Green, TX"
2117,1395,48,453,48453,"Travis, TX"
2118,21,48,457,48457,"Tyler, TX"
2119,202,48,459,48459,"Upshur, TX"
2120,241,48,461,48461,"Upton, TX"
2121,98,48,463,48463,"Uvalde, TX"
2122,0,48,465,48465,"Val Verde, TX"
2123,82,48,467,48467,"Van Zandt, TX"
2124,2642,48,469,48469,"Victoria, TX"
2125,10,48,471,48471,"Walker, TX"
2126,418,48,473,48473,"Waller, TX"
2127,969,48,475,48475,"Ward, TX"
2128,149,48,477,48477,"Washington, TX"
2129,1712,48,479,48479,"Webb, TX"
2130,894,48,481,48481,"Wharton, TX"
2131,427,48,483,48483,"Wheeler, TX"
2132,1172,48,485,48485,"Wichita, TX"
2133,70,48,487,48487,"Wilbarger, TX"
2134,0,48,489,48489,"Willacy, TX"
2135,850,48,491,48491,"Williamson, TX"
2136,22,48,493,48493,"Wilson, TX"
2137,622,48,495,48495,"Winkler, TX"
2138,3749,48,497,48497,"Wise, TX"
2139,241,48,499,48499,"Wood, TX"
2140,909,48,501,48501,"Yoakum, TX"
2141,975,48,503,48503,"Young, TX"
2142,1127,48,505,48505,"Zapata, TX"
2143,0,48,507,48507,"Zavala, TX"
2144,49,49,001,49001,"Beaver, UT"
2145,11,49,003,49003,"Box Elder, UT"
2146,3,49,005,49005,"Cache, UT"
2147,1029,49,007,49007,"Carbon, UT"
2148,0,49,009,49009,"Daggett, UT"
2149,163,49,011,49011,"Davis, UT"
2150,1834,49,013,49013,"Duchesne, UT"
2151,501,49,015,49015,"Emery, UT"
2152,0,49,017,49017,"Garfield, UT"
2153,130,49,019,49019,"Grand, UT"
2154,81,49,021,49021,"Iron, UT"
2155,31,49,023,49023,"Juab, UT"
2156,6,49,025,49025,"Kane, UT"
2157,97,49,027,49027,"Millard, UT"
2158,0,49,029,49029,"Morgan, UT"
2159,0,49,033,49033,"Rich, UT"
2160,3031,49,035,49035,"Salt Lake, UT"
2161,517,49,037,49037,"San Juan, UT"
2162,53,49,039,49039,"Sanpete, UT"
2163,564,49,041,49041,"Sevier, UT"
2164,99,49,043,49043,"Summit, UT"
2165,0,49,045,49045,"Tooele, UT"
2166,2984,49,047,49047,"Uintah, UT"
2167,96,49,049,49049,"Utah, UT"
2168,0,49,051,49051,"Wasatch, UT"
2169,127,49,053,49053,"Washington, UT"
2170,0,49,055,49055,"Wayne, UT"
2171,0,49,057,49057,"Weber, UT"
2172,15,50,001,50001,"Addison, VT"
2173,0,50,005,50005,"Caledonia, VT"
2174,37,50,007,50007,"Chittenden, VT"
2175,0,50,009,50009,"Essex, VT"
2176,26,50,011,50011,"Franklin, VT"
2177,0,50,013,50013,"Grand Isle, VT"
2178,0,50,015,50015,"Lamoille, VT"
2179,14,50,017,50017,"Orange, VT"
2180,0,50,019,50019,"Orleans, VT"
2181,329,50,021,50021,"Rutland, VT"
2182,70,50,023,50023,"Washington, VT"
2183,44,50,027,50027,"Windsor, VT"
2184,65,51,003,51003,"Albemarle, VA"
2185,0,51,011,51011,"Appomattox, VA"
2186,4,51,013,51013,"Arlington, VA"
2187,0,51,015,51015,"Augusta, VA"
2188,0,51,021,51021,"Bland, VA"
2189,25,51,023,51023,"Botetourt, VA"
2190,0,51,025,51025,"Brunswick, VA"
2191,2240,51,027,51027,"Buchanan, VA"
2192,69,51,029,51029,"Buckingham, VA"
2193,0,51,031,51031,"Campbell, VA"
2194,0,51,033,51033,"Caroline, VA"
2195,25,51,036,51036,"Charles City, VA"
2196,0,51,037,51037,"Charlotte, VA"
2197,0,51,041,51041,"Chesterfield, VA"
2198,0,51,043,51043,"Clarke, VA"
2199,51,51,047,51047,"Culpeper, VA"
2200,1202,51,051,51051,"Dickenson, VA"
2201,100,51,059,51059,"Fairfax, VA"
2202,24,51,061,51061,"Fauquier, VA"
2203,0,51,063,51063,"Floyd, VA"
2204,0,51,069,51069,"Frederick, VA"
2205,0,51,073,51073,"Gloucester, VA"
2206,88,51,075,51075,"Goochland, VA"
2207,0,51,079,51079,"Greene, VA"
2208,0,51,083,51083,"Halifax, VA"
2209,98,51,085,51085,"Hanover, VA"
2210,13,51,087,51087,"Henrico, VA"
2211,0,51,089,51089,"Henry, VA"
2212,0,51,093,51093,"Isle of Wight, VA"
2213,0,51,095,51095,"James City, VA"
2214,0,51,097,51097,"King and Queen, VA"
2215,0,51,099,51099,"King George, VA"
2216,52,51,101,51101,"King William, VA"
2217,326,51,105,51105,"Lee, VA"
2218,171,51,107,51107,"Loudoun, VA"
2219,0,51,109,51109,"Louisa, VA"
2220,40,51,121,51121,"Montgomery, VA"
2221,0,51,125,51125,"Nelson, VA"
2222,0,51,135,51135,"Nottoway, VA"
2223,0,51,143,51143,"Pittsylvania, VA"
2224,0,51,145,51145,"Powhatan, VA"
2225,0,51,147,51147,"Prince Edward, VA"
2226,22,51,153,51153,"Prince William, VA"
2227,0,51,155,51155,"Pulaski, VA"
2228,0,51,163,51163,"Rockbridge, VA"
2229,58,51,165,51165,"Rockingham, VA"
2230,361,51,167,51167,"Russell, VA"
2231,0,51,171,51171,"Shenandoah, VA"
2232,0,51,173,51173,"Smyth, VA"
2233,30,51,177,51177,"Spotsylvania, VA"
2234,206,51,183,51183,"Sussex, VA"
2235,748,51,185,51185,"Tazewell, VA"
2236,0,51,187,51187,"Warren, VA"
2237,152,51,191,51191,"Washington, VA"
2238,1618,51,195,51195,"Wise, VA"
2239,101,51,197,51197,"Wythe, VA"
2240,0,51,510,51510,"Alexandria, VA"
2241,36,51,550,51550,"Chesapeake, VA"
2242,0,51,660,51660,"Harrisonburg, VA"
2243,0,51,683,51683,"Manassas, VA"
2244,339,51,720,51720,"Norton, VA"
2245,13,51,760,51760,"Richmond, VA"
2246,0,51,770,51770,"Roanoke, VA"
2247,14,51,800,51800,"Suffolk, VA"
2248,0,51,810,51810,"Virginia Beach, VA"
2249,0,53,005,53005,"Benton, WA"
2250,6,53,007,53007,"Chelan, WA"
2251,7,53,009,53009,"Clallam, WA"
2252,14,53,011,53011,"Clark, WA"
2253,0,53,013,53013,"Columbia, WA"
2254,142,53,015,53015,"Cowlitz, WA"
2255,0,53,019,53019,"Ferry, WA"
2256,25,53,021,53021,"Franklin, WA"
2257,0,53,025,53025,"Grant, WA"
2258,0,53,027,53027,"Grays Harbor, WA"
2259,0,53,029,53029,"Island, WA"
2260,16,53,031,53031,"Jefferson, WA"
2261,412,53,033,53033,"King, WA"
2262,41,53,035,53035,"Kitsap, WA"
2263,0,53,037,53037,"Kittitas, WA"
2264,0,53,039,53039,"Klickitat, WA"
2265,100,53,041,53041,"Lewis, WA"
2266,0,53,045,53045,"Mason, WA"
2267,163,53,047,53047,"Okanogan, WA"
2268,0,53,049,53049,"Pacific, WA"
2269,82,53,051,53051,"Pend Oreille, WA"
2270,159,53,053,53053,"Pierce, WA"
2271,0,53,055,53055,"San Juan, WA"
2272,34,53,057,53057,"Skagit, WA"
2273,0,53,059,53059,"Skamania, WA"
2274,134,53,061,53061,"Snohomish, WA"
2275,156,53,063,53063,"Spokane, WA"
2276,47,53,065,53065,"Stevens, WA"
2277,30,53,067,53067,"Thurston, WA"
2278,0,53,071,53071,"Walla Walla, WA"
2279,112,53,073,53073,"Whatcom, WA"
2280,0,53,075,53075,"Whitman, WA"
2281,44,53,077,53077,"Yakima, WA"
2282,401,54,001,54001,"Barbour, WV"
2283,72,54,003,54003,"Berkeley, WV"
2284,3802,54,005,54005,"Boone, WV"
2285,59,54,007,54007,"Braxton, WV"
2286,0,54,009,54009,"Brooke, WV"
2287,255,54,011,54011,"Cabell, WV"
2288,114,54,013,54013,"Calhoun, WV"
2289,335,54,015,54015,"Clay, WV"
2290,56,54,017,54017,"Doddridge, WV"
2291,1076,54,019,54019,"Fayette, WV"
2292,258,54,021,54021,"Gilmer, WV"
2293,287,54,023,54023,"Grant, WV"
2294,195,54,025,54025,"Greenbrier, WV"
2295,0,54,027,54027,"Hampshire, WV"
2296,40,54,029,54029,"Hancock, WV"
2297,0,54,031,54031,"Hardy, WV"
2298,1215,54,033,54033,"Harrison, WV"
2299,61,54,035,54035,"Jackson, WV"
2300,51,54,037,54037,"Jefferson, WV"
2301,2792,54,039,54039,"Kanawha, WV"
2302,1527,54,041,54041,"Lewis, WV"
2303,638,54,043,54043,"Lincoln, WV"
2304,2123,54,045,54045,"Logan, WV"
2305,2002,54,047,54047,"McDowell, WV"
2306,1194,54,049,54049,"Marion, WV"
2307,1719,54,051,54051,"Marshall, WV"
2308,26,54,053,54053,"Mason, WV"
2309,266,54,055,54055,"Mercer, WV"
2310,23,54,057,54057,"Mineral, WV"
2311,2494,54,059,54059,"Mingo, WV"
2312,1340,54,061,54061,"Monongalia, WV"
2313,0,54,065,54065,"Morgan, WV"
2314,1191,54,067,54067,"Nicholas, WV"
2315,244,54,069,54069,"Ohio, WV"
2316,0,54,071,54071,"Pendleton, WV"
2317,42,54,073,54073,"Pleasants, WV"
2318,77,54,075,54075,"Pocahontas, WV"
2319,86,54,077,54077,"Preston, WV"
2320,50,54,079,54079,"Putnam, WV"
2321,2912,54,081,54081,"Raleigh, WV"
2322,318,54,083,54083,"Randolph, WV"
2323,424,54,085,54085,"Ritchie, WV"
2324,305,54,087,54087,"Roane, WV"
2325,0,54,091,54091,"Taylor, WV"
2326,0,54,093,54093,"Tucker, WV"
2327,73,54,095,54095,"Tyler, WV"
2328,616,54,097,54097,"Upshur, WV"
2329,838,54,099,54099,"Wayne, WV"
2330,499,54,101,54101,"Webster, WV"
2331,166,54,103,54103,"Wetzel, WV"
2332,9,54,105,54105,"Wirt, WV"
2333,96,54,107,54107,"Wood, WV"
2334,1472,54,109,54109,"Wyoming, WV"
2335,64,55,009,55009,"Brown, WI"
2336,0,55,013,55013,"Burnett, WI"
2337,101,55,015,55015,"Calumet, WI"
2338,116,55,017,55017,"Chippewa, WI"
2339,0,55,019,55019,"Clark, WI"
2340,40,55,021,55021,"Columbia, WI"
2341,0,55,023,55023,"Crawford, WI"
2342,122,55,025,55025,"Dane, WI"
2343,0,55,027,55027,"Dodge, WI"
2344,0,55,029,55029,"Door, WI"
2345,0,55,031,55031,"Douglas, WI"
2346,0,55,033,55033,"Dunn, WI"
2347,0,55,035,55035,"Eau Claire, WI"
2348,225,55,039,55039,"Fond du Lac, WI"
2349,0,55,043,55043,"Grant, WI"
2350,0,55,045,55045,"Green, WI"
2351,51,55,047,55047,"Green Lake, WI"
2352,0,55,049,55049,"Iowa, WI"
2353,0,55,051,55051,"Iron, WI"
2354,0,55,053,55053,"Jackson, WI"
2355,0,55,055,55055,"Jefferson, WI"
2356,0,55,057,55057,"Juneau, WI"
2357,0,55,059,55059,"Kenosha, WI"
2358,0,55,061,55061,"Kewaunee, WI"
2359,0,55,065,55065,"Lafayette, WI"
2360,0,55,067,55067,"Langlade, WI"
2361,0,55,069,55069,"Lincoln, WI"
2362,49,55,071,55071,"Manitowoc, WI"
2363,26,55,073,55073,"Marathon, WI"
2364,0,55,075,55075,"Marinette, WI"
2365,35,55,079,55079,"Milwaukee, WI"
2366,10,55,081,55081,"Monroe, WI"
2367,0,55,083,55083,"Oconto, WI"
2368,73,55,087,55087,"Outagamie, WI"
2369,0,55,089,55089,"Ozaukee, WI"
2370,106,55,093,55093,"Pierce, WI"
2371,33,55,095,55095,"Polk, WI"
2372,0,55,097,55097,"Portage, WI"
2373,0,55,099,55099,"Price, WI"
2374,24,55,101,55101,"Racine, WI"
2375,88,55,105,55105,"Rock, WI"
2376,0,55,107,55107,"Rusk, WI"
2377,0,55,109,55109,"St. Croix, WI"
2378,25,55,111,55111,"Sauk, WI"
2379,0,55,113,55113,"Sawyer, WI"
2380,0,55,115,55115,"Shawano, WI"
2381,0,55,117,55117,"Sheboygan, WI"
2382,0,55,119,55119,"Taylor, WI"
2383,0,55,121,55121,"Trempealeau, WI"
2384,0,55,127,55127,"Walworth, WI"
2385,47,55,131,55131,"Washington, WI"
2386,206,55,133,55133,"Waukesha, WI"
2387,17,55,135,55135,"Waupaca, WI"
2388,0,55,137,55137,"Waushara, WI"
2389,24,55,139,55139,"Winnebago, WI"
2390,0,55,141,55141,"Wood, WI"
2391,29,56,001,56001,"Albany, WY"
2392,775,56,003,56003,"Big Horn, WY"
2393,8338,56,005,56005,"Campbell, WY"
2394,267,56,007,56007,"Carbon, WY"
2395,1188,56,009,56009,"Converse, WY"
2396,268,56,011,56011,"Crook, WY"
2397,941,56,013,56013,"Fremont, WY"
2398,0,56,015,56015,"Goshen, WY"
2399,289,56,017,56017,"Hot Springs, WY"
2400,204,56,019,56019,"Johnson, WY"
2401,181,56,021,56021,"Laramie, WY"
2402,659,56,023,56023,"Lincoln, WY"
2403,5737,56,025,56025,"Natrona, WY"
2404,27,56,027,56027,"Niobrara, WY"
2405,677,56,029,56029,"Park, WY"
2406,62,56,031,56031,"Platte, WY"
2407,353,56,033,56033,"Sheridan, WY"
2408,1319,56,035,56035,"Sublette, WY"
2409,6222,56,037,56037,"Sweetwater, WY"
2410,0,56,039,56039,"Teton, WY"
2411,711,56,041,56041,"Uinta, WY"
2412,153,56,043,56043,"Washakie, WY"
2413,126,56,045,56045,"Weston, WY"
